Jacobs,40.776943,-124.177498,2022-12-22T20:00,14.0,13.0,1.0,,,
Fort Bragg High School,39.43734,-123.78766,2022-12-22T20:00,10.0,9.0,1.0,,,
Willows-Colusa,39.53387,-122.190834,2022-12-22T20:00,16.0,15.0,1.0,15.1,57.0,2.0
Colusa - Sunrise Blvd.,39.18919,-121.99887,2022-12-22T20:00,38.0,35.0,1.0,26.2,81.0,2.0
Chico -  East,39.76168,-121.84047,2022-12-22T20:00,28.0,26.0,1.0,19.7,67.0,2.0
Yuba City,39.13868,-121.61884,2022-12-22T20:00,30.0,28.0,1.0,24.7,77.0,2.0
San Juan Bautista AMS,36.841488,-121.533444,2022-12-22T20:00,19.0,18.0,1.0,,,
Downtown Sacramento - T Street,38.56844,-121.49311,2022-12-22T20:00,35.0,32.0,1.0,26.2,81.0,2.0
TracyAP,37.6825,-121.4406,2022-12-22T20:00,22.0,20.0,1.0,13.6,54.0,2.0
Hollister AMS,36.843425,-121.3621,2022-12-22T20:00,13.0,12.0,1.0,7.8,33.0,1.0
Roseville - N.Sunrise/Douglas,38.74643,-121.26498,2022-12-22T20:00,26.0,24.0,1.0,19.6,67.0,2.0
Manteca,37.8027,-121.2208,2022-12-22T20:00,25.0,23.0,1.0,21.3,70.0,2.0
King City AMS,36.209286,-121.126371,2022-12-22T20:00,7.0,6.0,1.0,7.3,30.0,1.0
Modesto - 14th Street,37.642165,-120.994212,2022-12-22T20:00,26.0,24.0,1.0,21.1,70.0,2.0
Turlock - S. Minaret Street,37.4883,-120.8358,2022-12-22T20:00,24.0,22.0,1.0,20.9,70.0,2.0
San Andreas,38.20185,-120.680277,2022-12-22T20:00,11.0,10.0,1.0,9.3,39.0,1.0
Atascadero2,35.494556,-120.666203,2022-12-22T20:00,11.0,10.0,1.0,4.8,20.0,1.0
Paso Robles - Santa Fe Ave,35.614668,-120.656912,2022-12-22T20:00,11.0,10.0,1.0,,,
SLO Roberto,35.259473,-120.644493,2022-12-22T20:00,9.0,8.0,1.0,0.0,0.0,1.0
Mesa 2 /Nipomo,35.02079,-120.56389,2022-12-22T20:00,25.0,23.0,1.0,1.6,7.0,1.0
Nipomo RP,35.0315,-120.50101,2022-12-22T20:00,8.0,7.0,1.0,,,
Merced-M St,37.30833,-120.480361,2022-12-22T20:00,25.0,23.0,1.0,19.9,67.0,2.0
Lompoc H Street,34.637798,-120.456703,2022-12-22T20:00,28.0,26.0,1.0,2.1,9.0,1.0
Las Flores Canyon,34.4897,-120.0458,2022-12-22T20:00,4.0,4.0,1.0,,,
Madera-City,36.9533,-120.0341,2022-12-22T20:00,26.0,24.0,1.0,24.2,76.0,2.0
South Lake Tahoe - Sandy Way,38.94498,-119.97061,2022-12-22T20:00,10.0,9.0,1.0,,,
Goleta,34.445301,-119.827797,2022-12-22T20:00,14.0,13.0,1.0,4.8,20.0,1.0
Reno4,39.521918,-119.795444,2022-12-22T20:00,46.0,43.0,1.0,10.1,42.0,1.0
Fresno - Garland,36.78538,-119.77321,2022-12-22T20:00,30.0,28.0,1.0,27.6,84.0,2.0
Santa Rosa Rancheria,36.233333,-119.765083,2022-12-22T20:00,34.0,31.0,1.0,,,
Sparks,39.54092,-119.746764,2022-12-22T20:00,46.0,43.0,1.0,17.1,62.0,2.0
Fresno - Drummond Street,36.7056,-119.7414,2022-12-22T20:00,46.0,43.0,1.0,,,
Toll,39.399841,-119.739606,2022-12-22T20:00,63.0,55.0,2.0,8.1,34.0,1.0
Clovis - N. Villa Ave,36.819199,-119.7164,2022-12-22T20:00,41.0,38.0,1.0,22.5,73.0,2.0
Santa Barbara,34.42775,-119.69091,2022-12-22T20:00,23.0,21.0,1.0,7.0,29.0,1.0
Hanford - S. Irwin Street,36.3144,-119.6436,2022-12-22T20:00,29.0,27.0,1.0,26.0,80.0,2.0
Yosemite Village - Visitor Center,37.748707,-119.587094,2022-12-22T20:00,1.0,1.0,1.0,0.0,0.0,1.0
Corcoran,36.102219,-119.566002,2022-12-22T20:00,41.0,38.0,1.0,35.2,100.0,2.0
El Rio - Rio Mesa School #2,34.25239,-119.14318,2022-12-22T20:00,9.0,8.0,1.0,0.0,0.0,1.0
Lee Vining,37.962069,-119.120278,2022-12-22T20:00,2.0,2.0,1.0,2.3,10.0,1.0
Oildale - 3311 Manor Street,35.438035,-119.016787,2022-12-22T20:00,30.0,28.0,1.0,,,
Bakersfield - Golden State Highway,35.3853,-119.014702,2022-12-22T20:00,36.0,33.0,1.0,30.4,89.0,2.0
Mammoth Lakes,37.645718,-118.966515,2022-12-22T20:00,79.0,63.0,2.0,,,
Simi Valley - Cochran Street,34.27632,-118.68369,2022-12-22T20:00,11.0,10.0,1.0,3.0,13.0,1.0
Bishop Paiute Tribe-CA,37.3667,-118.4167,2022-12-22T20:00,21.0,19.0,1.0,15.0,57.0,2.0
NCORE - Bishop,37.360701,-118.330835,2022-12-22T20:00,15.0,14.0,1.0,3.3,14.0,1.0
Los Angeles - N. Main Street,34.066429,-118.226755,2022-12-22T20:00,31.0,29.0,1.0,9.7,40.0,1.0
Long Beach Signal Hill,33.793713,-118.171019,2022-12-22T20:00,31.0,29.0,1.0,11.2,47.0,1.0
Mojave - CA 58 Business,35.046528,-118.162833,2022-12-22T20:00,10.0,9.0,1.0,2.9,12.0,1.0
Lone Pine,36.607215,-118.05473,2022-12-22T20:00,6.0,6.0,1.0,,,
Olancha,36.280596,-118.011661,2022-12-22T20:00,5.0,5.0,1.0,,,
Bill Stanley,36.3619,-118.0108,2022-12-22T20:00,7.0,6.0,1.0,,,
North Beach,36.542233,-117.990055,2022-12-22T20:00,7.0,6.0,1.0,,,
Dirty Socks,36.3261,-117.9551,2022-12-22T20:00,6.0,6.0,1.0,,,
Coso Junction,36.0494,-117.9439,2022-12-22T20:00,6.0,6.0,1.0,,,
Lizard Tail,36.5432,-117.9418,2022-12-22T20:00,6.0,6.0,1.0,,,
Anaheim,33.830586,-117.938509,2022-12-22T20:00,43.0,40.0,1.0,14.6,56.0,2.0
Shell Cut,36.3663,-117.8976,2022-12-22T20:00,5.0,5.0,1.0,,,
Keeler,36.4878,-117.871,2022-12-22T20:00,6.0,6.0,1.0,6.5,27.0,1.0
Mill Site,36.4581,-117.8519,2022-12-22T20:00,4.0,4.0,1.0,,,
Glendora - Laurel,34.1439,-117.8508,2022-12-22T20:00,17.0,16.0,1.0,0.8,3.0,1.0
Upland,34.10366,-117.629096,2022-12-22T20:00,17.0,16.0,1.0,8.3,35.0,1.0
Mira Loma - Van Buren,33.996387,-117.4925,2022-12-22T20:00,51.0,47.0,1.0,14.8,57.0,2.0
Riverside - Rubidoux,33.999449,-117.415831,2022-12-22T20:00,50.0,46.0,1.0,19.5,67.0,2.0
Trona - Athol and Telegraph,35.774455,-117.372109,2022-12-22T20:00,19.0,18.0,1.0,,,
Lake Elsinore - W. Flint Street,33.676535,-117.331027,2022-12-22T20:00,12.0,11.0,1.0,14.6,56.0,2.0
Victorville - Park Avenue,34.510955,-117.32555,2022-12-22T20:00,31.0,29.0,1.0,8.2,34.0,1.0
Hesperia - Olive Street,34.416506,-117.285602,2022-12-22T20:00,23.0,21.0,1.0,,,
Barstow,34.894054,-117.024756,2022-12-22T20:00,24.0,22.0,1.0,,,
Lucerne Valley,34.4101,-116.906874,2022-12-22T20:00,27.0,25.0,1.0,,,
Palm Springs - Fire Station,33.852605,-116.540965,2022-12-22T20:00,13.0,12.0,1.0,,,
Garden City,43.647888,-116.269409,2022-12-22T20:00,17.0,16.0,1.0,5.3,22.0,1.0
Indio-29 Palms,33.71969,-116.1897,2022-12-22T20:00,50.0,46.0,1.0,15.4,58.0,2.0
Torres Martinez Administration,33.561122,-116.153561,2022-12-22T20:00,25.0,23.0,1.0,,,
Saul Martinez,33.572019,-116.063823,2022-12-22T20:00,15.0,14.0,1.0,,,
Salton Sea Beach,33.37911,-116.016056,2022-12-22T20:00,22.0,20.0,1.0,10.8,45.0,1.0
Glen Oaks,36.193469,-116.007584,2022-12-22T20:00,10.0,9.0,1.0,,,
Church,36.159639,-115.996263,2022-12-22T20:00,5.0,5.0,1.0,,,
Manse,36.212787,-115.994802,2022-12-22T20:00,13.0,12.0,1.0,,,
Elko,40.838329,-115.766003,2022-12-22T20:00,6.0,6.0,1.0,,,
Westmorland - 570 Cook St,33.0325,-115.6225,2022-12-22T20:00,68.0,57.0,2.0,,,
El Centro - 9th Street,32.7917,-115.5617,2022-12-22T20:00,33.0,31.0,1.0,6.4,27.0,1.0
Niland - English Road,33.2136,-115.5444,2022-12-22T20:00,69.0,58.0,2.0,,,
Brawley - 220 Main Street,32.978298,-115.5383,2022-12-22T20:00,37.0,34.0,1.0,8.6,36.0,1.0
Calexico - Ethel Street,32.67618,-115.48307,2022-12-22T20:00,64.0,55.0,2.0,27.8,84.0,2.0
Jean,35.785665,-115.357087,2022-12-22T20:00,8.0,7.0,1.0,1.9,8.0,1.0
Palo Verde,36.173415,-115.332728,2022-12-22T20:00,14.0,13.0,1.0,3.4,14.0,1.0
Mountains Edge,36.0075,-115.263056,2022-12-22T20:00,17.0,16.0,1.0,3.4,14.0,1.0
Walter Johnson,36.169756,-115.263038,2022-12-22T20:00,22.0,20.0,1.0,6.3,26.0,1.0
Paul Meyer,36.106389,-115.253333,2022-12-22T20:00,30.0,28.0,1.0,6.6,28.0,1.0
Joe Neal,36.270592,-115.238282,2022-12-22T20:00,23.0,21.0,1.0,5.1,21.0,1.0
Liberty High School,35.987908,-115.14885,2022-12-22T20:00,25.0,23.0,1.0,4.3,18.0,1.0
Sunrise Acres,36.163962,-115.11393,2022-12-22T20:00,45.0,42.0,1.0,13.6,54.0,2.0
Walnut Rec.,36.214465,-115.091437,2022-12-22T20:00,83.0,65.0,2.0,17.0,61.0,2.0
Jerome Mack,36.141875,-115.078742,2022-12-22T20:00,44.0,41.0,1.0,15.7,59.0,2.0
GreenValley,36.048705,-115.052942,2022-12-22T20:00,67.0,57.0,2.0,18.8,65.0,2.0
Yuma Supersite,32.690277,-114.614441,2022-12-22T20:00,31.0,29.0,1.0,4.2,18.0,1.0
Bullhead City,35.166111,-114.566111,2022-12-22T20:00,11.0,10.0,1.0,,,
Virgin Valley,36.815897,-114.050347,2022-12-22T20:00,25.0,23.0,1.0,13.8,55.0,2.0
Alamo Lake,34.243889,-113.558611,2022-12-22T20:00,0.0,0.0,1.0,0.0,0.0,1.0
Ajo,32.382034,-112.857452,2022-12-22T20:00,24.0,22.0,1.0,,,
Buckeye,33.37,-112.6207,2022-12-22T20:00,43.0,40.0,1.0,,,
Pocatello Garrett and Gould,42.876701,-112.460297,2022-12-22T20:00,26.0,24.0,1.0,9.9,41.0,1.0
Dysart,33.6369,-112.3394,2022-12-22T20:00,20.0,19.0,1.0,,,
Zuni Hills,33.686741,-112.294167,2022-12-22T20:00,16.0,15.0,1.0,,,
Glendale Community College,33.5694,-112.1915,2022-12-22T20:00,25.0,23.0,1.0,11.3,47.0,1.0
West 43rd,33.406399,-112.144302,2022-12-22T20:00,80.0,63.0,2.0,,,
West Phoenix,33.483799,-112.142601,2022-12-22T20:00,42.0,39.0,1.0,17.7,63.0,2.0
Durango Complex,33.4265,-112.1181,2022-12-22T20:00,58.0,52.0,2.0,16.0,59.0,2.0
Phoenix JLG Supersite,33.503601,-112.095001,2022-12-22T20:00,30.0,28.0,1.0,8.8,37.0,1.0
North Phoenix,33.560299,-112.066299,2022-12-22T20:00,33.0,31.0,1.0,18.6,65.0,2.0
Central Phoenix,33.4579,-112.046,2022-12-22T20:00,20.0,19.0,1.0,,,
Hidden Valley,32.884761,-112.03705,2022-12-22T20:00,70.0,58.0,2.0,8.5,35.0,1.0
Herriman #3,40.496408,-112.036305,2022-12-22T20:00,18.0,17.0,1.0,3.4,14.0,1.0
Harrisville,41.302799,-111.988297,2022-12-22T20:00,17.0,16.0,1.0,2.6,11.0,1.0
Stanfield,32.881195,-111.961998,2022-12-22T20:00,17.0,16.0,1.0,,,
West Chandler Fire Station,33.299,-111.8843,2022-12-22T20:00,53.0,49.0,1.0,,,
Hawthorne,40.733501,-111.871696,2022-12-22T20:00,19.0,18.0,1.0,4.8,20.0,1.0
Mesa - Brooks Reservoir,33.4105,-111.8651,2022-12-22T20:00,11.0,10.0,1.0,4.4,18.0,1.0
Senior Center,33.4883,-111.855003,2022-12-22T20:00,8.0,7.0,1.0,,,
High School,33.507999,-111.837799,2022-12-22T20:00,18.0,17.0,1.0,,,
LEHI,33.474499,-111.805099,2022-12-22T20:00,11.0,10.0,1.0,,,
Casa Grande Downtown,32.877583,-111.752222,2022-12-22T20:00,24.0,22.0,1.0,8.3,35.0,1.0
Higley,33.309944,-111.720029,2022-12-22T20:00,26.0,24.0,1.0,,,
Lindon,40.3414,-111.7136,2022-12-22T20:00,27.0,25.0,1.0,5.4,23.0,1.0
Ft McD Yuma Frank-AZ,33.6292,-111.676903,2022-12-22T20:00,4.0,4.0,1.0,,,
Pinal County Housing,32.891056,-111.570503,2022-12-22T20:00,18.0,17.0,1.0,,,
COMBS,33.2192,-111.5608,2022-12-22T20:00,17.0,16.0,1.0,,,
Eloy,32.757639,-111.554861,2022-12-22T20:00,19.0,18.0,1.0,,,
Apache Junction,33.42,-111.5042,2022-12-22T20:00,15.0,14.0,1.0,,,
Payson Well Site,34.22934,-111.3297,2022-12-22T20:00,7.0,6.0,1.0,,,
Pinal Air Park,32.508308,-111.30806,2022-12-22T20:00,20.0,19.0,1.0,,,
Rillito,32.414342,-111.154544,2022-12-22T20:00,42.0,39.0,1.0,,,
Orange Grove,32.322573,-111.037709,2022-12-22T20:00,40.0,37.0,1.0,11.4,48.0,1.0
Green Valley,31.8794,-110.9964,2022-12-22T20:00,4.0,4.0,1.0,3.0,13.0,1.0
South Tucson,32.202148,-110.967915,2022-12-22T20:00,31.0,29.0,1.0,,,
Geronimo,32.25,-110.9667,2022-12-22T20:00,29.0,27.0,1.0,7.5,31.0,1.0
Nogales ITN,31.291294,-110.951508,2022-12-22T20:00,51.0,47.0,1.0,12.4,52.0,2.0
Nogales Post Office,31.337204,-110.936722,2022-12-22T20:00,30.0,28.0,1.0,14.3,56.0,2.0
Jackson SLAMS,43.457764,-110.797994,2022-12-22T20:00,7.0,6.0,1.0,,,
Corona de Tucson,32.004567,-110.792504,2022-12-22T20:00,0.0,0.0,1.0,,,
Hayden,33.006268,-110.786484,2022-12-22T20:00,8.0,7.0,1.0,,,
Kemmerer Mobile,41.783083,-110.537888,2022-12-22T20:00,7.0,6.0,1.0,7.7,32.0,1.0
Daniel South,42.7914,-110.0547,2022-12-22T20:00,6.0,6.0,1.0,,,
Moxa Arch,41.750599,-109.789703,2022-12-22T20:00,8.0,7.0,1.0,,,
Boulder,42.7186,-109.7531,2022-12-22T20:00,6.0,6.0,1.0,,,
Paul Spur Chemical Lime Plant,31.3658,-109.7309,2022-12-22T20:00,15.0,14.0,1.0,,,
Douglas Red Cross,31.3492,-109.539683,2022-12-22T20:00,16.0,15.0,1.0,,,
Substation,36.7969,-108.4725,2022-12-22T20:00,10.0,9.0,1.0,,,
Riverton Mobile,43.02421,-108.3637,2022-12-22T20:00,14.0,13.0,1.0,13.2,53.0,2.0
Wamsutter,41.6778,-108.0242,2022-12-22T20:00,3.0,3.0,1.0,,,
Ute 3,37.10258,-107.870219,2022-12-22T20:00,24.0,22.0,1.0,2.4,10.0,1.0
7E Deming Airport,32.2558,-107.7228,2022-12-22T20:00,11.0,10.0,1.0,,,
Ute 1,37.13678,-107.62863,2022-12-22T20:00,21.0,19.0,1.0,3.1,13.0,1.0
Sheridan PD,44.815142,-106.955933,2022-12-22T20:00,8.0,7.0,1.0,,,
Holman Rd,32.4247,-106.6742,2022-12-22T20:00,5.0,5.0,1.0,,,
South Valley,35.0186,-106.651901,2022-12-22T20:00,28.0,26.0,1.0,,,
Anthony,32.0036,-106.5992,2022-12-22T20:00,19.0,18.0,1.0,7.2,30.0,1.0
Del Norte,35.1353,-106.584702,2022-12-22T20:00,13.0,12.0,1.0,,,
Desert View,31.7961,-106.5839,2022-12-22T20:00,9.0,8.0,1.0,,,
West Mesa,32.11,-106.51,2022-12-22T20:00,6.0,6.0,1.0,,,
Tramway,35.185,-106.5077,2022-12-22T20:00,11.0,10.0,1.0,1.8,8.0,1.0
Chaparral,32.0411,-106.4092,2022-12-22T20:00,17.0,16.0,1.0,,,
Laramie I-80 Mobile,41.324166,-105.614888,2022-12-22T20:00,12.0,11.0,1.0,0.5,2.0,1.0
Converse County Long-Term,43.1,-105.5,2022-12-22T20:00,12.0,11.0,1.0,,,
Ft. Collins - CSU Facilities,40.571259,-105.079765,2022-12-22T20:00,10.0,9.0,1.0,7.9,33.0,1.0
La Casa NCORE - 4545 Navajo St.,39.7794,-105.00523,2022-12-22T20:00,11.0,10.0,1.0,5.4,23.0,1.0
Denver Swansea Elementary School,39.781083,-104.95665,2022-12-22T20:00,7.0,6.0,1.0,,,
Welby - 78th Ave. & Steele St.,39.8392,-104.9489,2022-12-22T20:00,12.0,11.0,1.0,,,
Denver - NJH - 14th Ave. & Albion St.,39.7386,-104.9394,2022-12-22T20:00,10.0,9.0,1.0,5.4,23.0,1.0
Cheyenne NCore,41.18222,-104.778336,2022-12-22T20:00,8.0,7.0,1.0,3.5,15.0,1.0
WIND CAVE,43.557613,-103.483658,2022-12-22T20:00,8.0,7.0,1.0,5.1,21.0,1.0
Black Hawk,44.155636,-103.315765,2022-12-22T20:00,11.0,10.0,1.0,,,
Badlands,43.746944,-101.941109,2022-12-22T20:00,9.0,8.0,1.0,6.7,28.0,1.0
Goodland,39.342801,-101.702996,2022-12-22T20:00,98.0,72.0,2.0,,,
Dodge City,37.7667,-100.0333,2022-12-22T20:00,91.0,69.0,2.0,,,
Cedar Bluff,38.7703,-99.7636,2022-12-22T20:00,122.0,84.0,2.0,7.9,33.0,1.0
Seiling,36.1589,-98.9353,2022-12-22T20:00,23.0,21.0,1.0,5.0,21.0,1.0
Near Road OKC,35.502968,-97.577674,2022-12-22T20:00,20.0,19.0,1.0,5.6,23.0,1.0
Moore,35.32,-97.4883,2022-12-22T20:00,24.0,22.0,1.0,6.6,28.0,1.0
Healdton,34.256901,-97.474197,2022-12-22T20:00,19.0,18.0,1.0,6.0,25.0,1.0
North OKC,35.612801,-97.472198,2022-12-22T20:00,29.0,27.0,1.0,5.6,23.0,1.0
PECK,37.4769,-97.3664,2022-12-22T20:00,25.0,23.0,1.0,5.5,23.0,1.0
WHlthDpt,37.7011,-97.3139,2022-12-22T20:00,22.0,20.0,1.0,5.4,23.0,1.0
Watertown,44.89965,-97.128802,2022-12-22T20:00,11.0,10.0,1.0,3.7,15.0,1.0
Ponca City,36.697189,-97.081278,2022-12-22T20:00,19.0,18.0,1.0,5.5,23.0,1.0
Research Farm,44.348604,-96.807299,2022-12-22T20:00,20.0,19.0,1.0,,,
WWTP BAM,40.866225,-96.137447,2022-12-22T20:00,15.0,14.0,1.0,,,
Glenpool,35.9525,-96.0033,2022-12-22T20:00,18.0,17.0,1.0,5.6,23.0,1.0
NCORE,41.2474,-95.9731,2022-12-22T20:00,12.0,11.0,1.0,6.1,25.0,1.0
McAlester,34.906082,-95.794128,2022-12-22T20:00,16.0,15.0,1.0,6.6,28.0,1.0
KNI-Topeka,39.0242,-95.7114,2022-12-22T20:00,25.0,23.0,1.0,6.0,25.0,1.0
Union,36.918242,-95.632127,2022-12-22T20:00,30.0,28.0,1.0,7.4,31.0,1.0
St. Joseph,39.741667,-94.858333,2022-12-22T20:00,14.0,13.0,1.0,4.8,20.0,1.0
Heritage Park,38.8386,-94.7464,2022-12-22T20:00,16.0,15.0,1.0,6.0,25.0,1.0
Troost,39.10465,-94.57055,2022-12-22T20:00,19.0,18.0,1.0,2.7,11.0,1.0
Front Street,39.13198,-94.53128,2022-12-22T20:00,15.0,14.0,1.0,,,
Carthage,37.19822,-94.31702,2022-12-22T20:00,19.0,18.0,1.0,,,
Hillcrest HS,37.256069,-93.299692,2022-12-22T20:00,47.0,44.0,1.0,6.0,25.0,1.0
Minneapolis-Pacific St,45.008297,-93.277041,2022-12-22T20:00,11.0,10.0,1.0,,,
Minneapolis-Lowry Ave,45.012102,-93.276699,2022-12-22T20:00,10.0,9.0,1.0,,,
Minneapolis - Bottineau/Marshall Terrace,45.013611,-93.272049,2022-12-22T20:00,8.0,7.0,1.0,,,
Blaine,45.1425,-93.2139,2022-12-22T20:00,1.0,1.0,1.0,3.0,13.0,1.0
St. Paul - Downtown,44.9507,-93.0985,2022-12-22T20:00,5.0,5.0,1.0,,,
Mark Twain SP,39.4751,-91.78899,2022-12-22T20:00,9.0,8.0,1.0,,,
Eau Claire,44.761398,-91.413002,2022-12-22T20:00,9.0,8.0,1.0,5.7,24.0,1.0
Buffalo,41.467201,-90.688301,2022-12-22T20:00,63.0,55.0,2.0,,,
Arnold West,38.448581,-90.398436,2022-12-22T20:00,9.0,8.0,1.0,12.2,51.0,2.0
Blair Street,38.656449,-90.198548,2022-12-22T20:00,30.0,28.0,1.0,10.3,43.0,1.0
Branch Street,38.65643,-90.18977,2022-12-22T20:00,32.0,30.0,1.0,8.1,34.0,1.0
Jackson NCORE,32.329042,-90.182659,2022-12-22T20:00,10.0,9.0,1.0,5.6,23.0,1.0
Devils Lake,43.4356,-89.6803,2022-12-22T20:00,14.0,13.0,1.0,8.8,37.0,1.0
Madison University Ave,43.07378,-89.43595,2022-12-22T20:00,12.0,11.0,1.0,8.6,36.0,1.0
Horicon Wildlife Area,43.46611,-88.621109,2022-12-22T20:00,15.0,14.0,1.0,8.1,34.0,1.0
WAUKESHA - CLEVELAND AVE,43.0203,-88.215,2022-12-22T20:00,20.0,19.0,1.0,13.5,54.0,2.0
MILWAUKEE COLLEGE AVE.-NR,42.93257,-87.93434,2022-12-22T20:00,22.0,20.0,1.0,15.8,59.0,2.0
Evansville-Buena Vista,38.01325,-87.577923,2022-12-22T20:00,10.0,9.0,1.0,7.4,31.0,1.0
Gary-IITRI,41.606563,-87.305015,2022-12-22T20:00,20.0,19.0,1.0,,,
Ellyson Industrial Park,30.525,-87.204399,2022-12-22T20:00,7.0,6.0,1.0,4.1,17.0,1.0
Portage-Hwy 12,41.616561,-87.146921,2022-12-22T20:00,19.0,18.0,1.0,,,
WYLAM,33.4997,-86.9242,2022-12-22T20:00,16.0,15.0,1.0,7.3,30.0,1.0
NO. BHAM,33.5531,-86.815,2022-12-22T20:00,10.0,9.0,1.0,5.8,24.0,1.0
Shuttlesworth,33.565278,-86.796389,2022-12-22T20:00,7.0,6.0,1.0,3.1,13.0,1.0
Indpls-Washington Park,39.810833,-86.114444,2022-12-22T20:00,19.0,18.0,1.0,14.8,57.0,2.0
WATSON,38.0608,-85.8961,2022-12-22T20:00,12.0,11.0,1.0,7.6,32.0,1.0
JENISON,42.894402,-85.852798,2022-12-22T20:00,43.0,40.0,1.0,30.3,89.0,2.0
Algonquin Parkway,38.23158,-85.82675,2022-12-22T20:00,17.0,16.0,1.0,10.6,44.0,1.0
Near Road,38.1935,-85.7121,2022-12-22T20:00,19.0,18.0,1.0,11.1,46.0,1.0
GRAND RAPIDS,42.984699,-85.671097,2022-12-22T20:00,40.0,37.0,1.0,32.5,94.0,2.0
Cannons Lane,38.2286,-85.6544,2022-12-22T20:00,10.0,9.0,1.0,7.8,33.0,1.0
Carrithers Middle School,38.1825,-85.5744,2022-12-22T20:00,10.0,9.0,1.0,6.9,29.0,1.0
Rossville-Williams St,34.9784,-85.2943,2022-12-22T20:00,14.0,13.0,1.0,9.2,38.0,1.0
Columbus Airport,32.5214,-84.9436,2022-12-22T20:00,7.0,6.0,1.0,4.9,20.0,1.0
Taft NCore,39.12886,-84.50404,2022-12-22T20:00,12.0,11.0,1.0,9.0,38.0,1.0
South DeKalb,33.6906,-84.2731,2022-12-22T20:00,11.0,10.0,1.0,8.9,37.0,1.0
Gwinnett Tech,33.9636,-84.0664,2022-12-22T20:00,10.0,9.0,1.0,7.7,32.0,1.0
Gainesville,34.3003,-83.8139,2022-12-22T20:00,10.0,9.0,1.0,6.9,29.0,1.0
Warner Robins,32.6056,-83.5979,2022-12-22T20:00,6.0,6.0,1.0,4.4,18.0,1.0
Macon Forestry,32.8031,-83.5447,2022-12-22T20:00,10.0,9.0,1.0,6.8,28.0,1.0
Athens,33.925,-83.3575,2022-12-22T20:00,10.0,9.0,1.0,6.7,28.0,1.0
DEARBORN,42.3075,-83.15,2022-12-22T20:00,27.0,25.0,1.0,15.4,58.0,2.0
Sandersville,32.9672,-82.807,2022-12-22T20:00,13.0,12.0,1.0,7.3,30.0,1.0
Greenville-ESC,34.843899,-82.414597,2022-12-22T20:00,5.0,5.0,1.0,3.4,14.0,1.0
Augusta,33.4333,-82.0219,2022-12-22T20:00,4.0,4.0,1.0,2.5,10.0,1.0
GT Craig NCore,41.492191,-81.678552,2022-12-22T20:00,42.0,39.0,1.0,,,
Palatka,29.686667,-81.656389,2022-12-22T20:00,5.0,5.0,1.0,,,
Kooker Park,30.356111,-81.635556,2022-12-22T20:00,8.0,7.0,1.0,4.3,18.0,1.0
Mandarin,30.1358,-81.6339,2022-12-22T20:00,7.0,6.0,1.0,4.7,20.0,1.0
Brunswick,31.1694,-81.4964,2022-12-22T20:00,7.0,6.0,1.0,4.7,20.0,1.0
Seminole Community College (AG COMP),28.7456,-81.31,2022-12-22T20:00,6.0,6.0,1.0,5.3,22.0,1.0
Savannah L&A,32.0903,-81.1306,2022-12-22T20:00,9.0,8.0,1.0,4.3,18.0,1.0
Blind Services; 1185-A Dunn Ave,29.2069,-81.0531,2022-12-22T20:00,8.0,7.0,1.0,5.5,23.0,1.0
Ramblewood Park,35.123954,-80.907577,2022-12-22T20:00,3.0,3.0,1.0,,,
GARINGER,35.2411,-80.7831,2022-12-22T20:00,0.0,0.0,1.0,0.0,0.0,1.0
HATTIEAVEN,36.1106,-80.2267,2022-12-22T20:00,1.0,1.0,1.0,0.7,3.0,1.0
Jenkins Avenue,32.88229,-79.977539,2022-12-22T20:00,1.0,1.0,1.0,,,
MENDNHAL,36.109006,-79.802314,2022-12-22T20:00,5.0,5.0,1.0,3.9,16.0,1.0
Durham Armory,36.032955,-78.904037,2022-12-22T20:00,2.0,2.0,1.0,0.9,4.0,1.0
Burdens Creek,35.889402,-78.8747,2022-12-22T20:00,4.0,4.0,1.0,2.3,10.0,1.0
Millbrook NCore,35.856111,-78.574167,2022-12-22T20:00,4.0,4.0,1.0,2.7,11.0,1.0
LESTER BUILDING SYSTEMS  NEAR REST,39.28102,-78.08157,2022-12-22T20:00,14.0,13.0,1.0,11.7,49.0,1.0
CASTLE H,34.364167,-77.838611,2022-12-22T20:00,16.0,15.0,1.0,4.0,17.0,1.0
MATH & SCIENCE CTR,37.55652,-77.40027,2022-12-22T20:00,3.0,3.0,1.0,2.3,10.0,1.0
FRANCONIA,38.77335,-77.10468,2022-12-22T20:00,10.0,9.0,1.0,6.8,28.0,1.0
HAMPTON,37.10373,-76.38702,2022-12-22T20:00,17.0,16.0,1.0,8.3,35.0,1.0
Princess Anne,38.176541,-75.701489,2022-12-22T20:00,12.0,11.0,1.0,5.8,24.0,1.0
Pocomoke City,38.013875,-75.545666,2022-12-22T20:00,15.0,14.0,1.0,6.9,29.0,1.0
Ft McD Yuma Frank-AZ,33.6292,-111.676903,2022-12-22T21:00,4.0,4.0,1.0,,,
Crescent City,41.75613,-124.20347,2022-12-22T20:00,,,,4.6,19.0,1.0
Florence-Department of Forestry,43.989643,-124.109312,2022-12-22T20:00,,,,3.3,14.0,1.0
Toledo NE Hwy20 & NW A St,44.624399,-123.940064,2022-12-22T20:00,,,,2.7,11.0,1.0
MMCA82062,41.047089,-123.675199,2022-12-22T20:00,,,,8.7,36.0,1.0
Cave Junction Forest Service,42.1617,-123.64835,2022-12-22T20:00,,,,12.5,52.0,2.0
MMCA81046,41.304291,-123.537183,2022-12-22T20:00,,,,8.3,35.0,1.0
MMCA82001,41.790125,-123.394361,2022-12-22T20:00,,,,26.4,81.0,2.0
Roseburg Fire Dept,43.152911,-123.382212,2022-12-22T20:00,,,,8.6,36.0,1.0
Grants Pass - Parkside School,42.434149,-123.348466,2022-12-22T20:00,,,,15.1,57.0,2.0
Dallas LaCreole Middle School,44.92261,-123.301956,2022-12-22T20:00,,,,2.9,12.0,1.0
Corvallis EPA Office,44.565803,-123.292706,2022-12-22T20:00,,,,2.3,10.0,1.0
McMinnville High School,45.21956,-123.19298,2022-12-22T20:00,,,,3.2,13.0,1.0
Eugene - Highway 99,44.067223,-123.14135,2022-12-22T20:00,,,,2.4,10.0,1.0
Eugene - Wilkes Dr.,44.1158,-123.12107,2022-12-22T20:00,,,,0.5,2.0,1.0
Albany - Calapooia School,44.61569,-123.091457,2022-12-22T20:00,,,,3.2,13.0,1.0
Eugene - Amazon Park,44.0263,-123.08377,2022-12-22T20:00,,,,2.6,11.0,1.0
Cottage Grove City Shops,43.7995,-123.0535,2022-12-22T20:00,,,,2.3,10.0,1.0
Springfield City Hall,44.046683,-123.017736,2022-12-22T20:00,,,,2.3,10.0,1.0
Salem - State Hospital,44.943114,-123.005934,2022-12-22T20:00,,,,3.6,15.0,1.0
Salem Chemeketa Community College,44.976568,-122.976308,2022-12-22T20:00,,,,3.4,14.0,1.0
Weaverville,40.734722,-122.941109,2022-12-22T20:00,,,,12.1,51.0,2.0
Turner - CJHS,44.81029,-122.915085,2022-12-22T20:00,,,,3.8,16.0,1.0
SISK1006,41.457896,-122.900083,2022-12-22T20:00,,,,0.0,0.0,1.0
Medford Welch & Jackson,42.33155,-122.880266,2022-12-22T20:00,,,,15.7,59.0,2.0
Woodburn Chemeketa Community College,45.143141,-122.854708,2022-12-22T20:00,,,,2.6,11.0,1.0
Sebastopol,38.403765,-122.818294,2022-12-22T20:00,,,,27.7,84.0,2.0
Shady Cove - Shady Cove School,42.623225,-122.810158,2022-12-22T20:00,,,,6.4,27.0,1.0
Silverton,45.014998,-122.790382,2022-12-22T20:00,,,,3.6,15.0,1.0
Talent - Rapp Lane,42.229891,-122.7877,2022-12-22T20:00,,,,9.4,39.0,1.0
Portland Near Road,45.39916,-122.7455,2022-12-22T20:00,,,,4.0,17.0,1.0
Sweet Home - Fire Department,44.3958,-122.7305,2022-12-22T20:00,,,,3.2,13.0,1.0
Ashland Fire Dept,42.1941,-122.7086,2022-12-22T20:00,,,,9.8,41.0,1.0
Lyons,44.778743,-122.617048,2022-12-22T20:00,,,,3.2,13.0,1.0
Portland - Spangler Road,45.25928,-122.588151,2022-12-22T20:00,,,,3.0,13.0,1.0
MMCA82015,41.903132,-122.568583,2022-12-22T20:00,,,,1.3,5.0,1.0
San Rafael,37.9722,-122.5189,2022-12-22T20:00,,,,29.3,87.0,2.0
Oakridge - Willamette Activity Center,43.74436,-122.480506,2022-12-22T20:00,,,,3.0,13.0,1.0
Mill City,44.752092,-122.479672,2022-12-22T20:00,,,,2.6,11.0,1.0
San Francisco,37.7658,-122.3978,2022-12-22T20:00,,,,33.9,97.0,2.0
Redding,40.5497,-122.3792,2022-12-22T20:00,,,,19.9,67.0,2.0
San Pablo - Rumrill,37.9604,-122.3571,2022-12-22T20:00,,,,36.8,104.0,3.0
Estacada Clackamas River Elementary School,45.291413,-122.332626,2022-12-22T20:00,,,,3.7,15.0,1.0
Oakland West,37.8148,-122.282402,2022-12-22T20:00,,,,33.3,96.0,2.0
Laney College,37.793624,-122.263376,2022-12-22T20:00,,,,36.5,103.0,3.0
Red Bluff - Walnut office,40.170917,-122.255667,2022-12-22T20:00,,,,17.4,62.0,2.0
Redwood City,37.4828,-122.2022,2022-12-22T20:00,,,,23.6,75.0,2.0
Oakland,37.743061,-122.169907,2022-12-22T20:00,,,,19.1,66.0,2.0
SLV Middle School AMS,37.06315,-122.083092,2022-12-22T20:00,,,,8.9,37.0,1.0
Concord,37.9383,-122.025,2022-12-22T20:00,,,,22.6,73.0,2.0
Vacaville,38.356556,-121.949853,2022-12-22T20:00,,,,28.0,84.0,2.0
Chiloquin,42.541077,-121.921636,2022-12-22T20:00,,,,3.9,16.0,1.0
Pleasanton - Owens Ct.,37.701222,-121.903019,2022-12-22T20:00,,,,22.6,73.0,2.0
San Jose - Jackson St.,37.3483,-121.8947,2022-12-22T20:00,,,,28.2,85.0,2.0
San Jose - Knox Ave,37.338202,-121.849892,2022-12-22T20:00,,,,26.0,80.0,2.0
Livermore - Rincon,37.687526,-121.784217,2022-12-22T20:00,,,,16.5,60.0,2.0
Davis - UCD Campus,38.53455,-121.7734,2022-12-22T20:00,,,,38.4,108.0,3.0
Carmel Valley AMS,36.48187,-121.73333,2022-12-22T20:00,,,,0.0,0.0,1.0
Woodland,38.661239,-121.732683,2022-12-22T20:00,,,,40.7,114.0,3.0
Klamath Falls - Peterson School,42.190296,-121.731369,2022-12-22T20:00,,,,9.3,39.0,1.0
Rio Vista,38.167297,-121.688561,2022-12-22T20:00,,,,34.1,97.0,2.0
Gridley,39.32756,-121.66881,2022-12-22T20:00,,,,18.5,64.0,2.0
Salinas AMS,36.694261,-121.623271,2022-12-22T20:00,,,,5.0,21.0,1.0
Paradise Theater,39.77919,-121.59135,2022-12-22T20:00,,,,15.9,59.0,2.0
Gilory - 9th Street,36.999571,-121.574684,2022-12-22T20:00,,,,20.3,68.0,2.0
Sisters Forest Service,44.2921,-121.5555,2022-12-22T20:00,,,,4.0,17.0,1.0
La Pine Rural Fire Dept,43.70376,-121.5273,2022-12-22T20:00,,,,6.5,27.0,1.0
Bercut Dr,38.593328,-121.503728,2022-12-22T20:00,,,,25.8,80.0,2.0
Sunriver Three Rivers School,43.868956,-121.434248,2022-12-22T20:00,,,,3.3,14.0,1.0
Elk Grove,38.302591,-121.420838,2022-12-22T20:00,,,,25.1,78.0,2.0
Arden Arcade - Del Paso Manor,38.613804,-121.368007,2022-12-22T20:00,,,,26.2,81.0,2.0
Lincoln,38.86794,-121.33835,2022-12-22T20:00,,,,28.2,85.0,2.0
Bend Pine Ridge Elementary School,44.024283,-121.330964,2022-12-22T20:00,,,,3.7,15.0,1.0
Bend - Pump Station,44.063916,-121.312554,2022-12-22T20:00,,,,4.9,20.0,1.0
Bend NE 8th & Emerson,44.054661,-121.294068,2022-12-22T20:00,,,,3.8,16.0,1.0
Stockton - University Park,37.961578,-121.281414,2022-12-22T20:00,,,,28.2,85.0,2.0
Bend Ponderosa Elementary School,44.093619,-121.272518,2022-12-22T20:00,,,,4.5,19.0,1.0
Chester BAM,40.301899,-121.235001,2022-12-22T20:00,,,,41.6,116.0,3.0
Sloughhouse,38.494475,-121.211131,2022-12-22T20:00,,,,23.3,75.0,2.0
Redmond High School,44.275,-121.1905,2022-12-22T20:00,,,,3.3,14.0,1.0
Folsom,38.683304,-121.164457,2022-12-22T20:00,,,,13.8,55.0,2.0
Madras - Westside School,44.6306,-121.131599,2022-12-22T20:00,,,,4.1,17.0,1.0
Auburn,38.93568,-121.09959,2022-12-22T20:00,,,,13.1,53.0,2.0
Grass Valley,39.234402,-121.055603,2022-12-22T20:00,,,,6.3,26.0,1.0
Colfax,39.1003,-120.9528,2022-12-22T20:00,,,,6.3,26.0,1.0
Quincy,39.9372,-120.9378,2022-12-22T20:00,,,,3.4,14.0,1.0
Prineville - Davidson Park,44.299787,-120.844773,2022-12-22T20:00,,,,4.3,18.0,1.0
MMCA82034,34.750571,-120.517337,2022-12-22T20:00,,,,5.8,24.0,1.0
Merced - S. Coffee Ave,37.2817,-120.433601,2022-12-22T20:00,,,,21.6,71.0,2.0
Tranquillity,36.6324,-120.3822,2022-12-22T20:00,,,,23.3,75.0,2.0
Lakeview - Center & M,42.189215,-120.353969,2022-12-22T20:00,,,,11.3,47.0,1.0
Truckee BAM,39.3386,-120.170303,2022-12-22T20:00,,,,16.1,59.0,2.0
Tahoe City,39.166,-120.1488,2022-12-22T20:00,,,,7.2,30.0,1.0
MMCA82019,34.664558,-120.109963,2022-12-22T20:00,,,,0.4,2.0,1.0
Huron,36.1994,-120.0991,2022-12-22T20:00,,,,8.6,36.0,1.0
Santa Ynez,34.605819,-120.07506,2022-12-22T20:00,,,,3.4,14.0,1.0
Fresno-Foundry Park,36.71088,-119.77743,2022-12-22T20:00,,,,36.5,103.0,3.0
CC_Armory,39.144804,-119.766409,2022-12-22T20:00,,,,10.1,42.0,1.0
Fresno-Pacific,36.72622,-119.73249,2022-12-22T20:00,,,,33.3,96.0,2.0
Ranchos,38.897611,-119.732101,2022-12-22T20:00,,,,6.9,29.0,1.0
Spanish Springs,39.621462,-119.718738,2022-12-22T20:00,,,,12.8,52.0,2.0
Visalia - W Ashland Avenue,36.30815,-119.3129,2022-12-22T20:00,,,,39.4,111.0,3.0
Ojai - Ojai Ave.,34.44806,-119.2313,2022-12-22T20:00,,,,0.0,0.0,1.0
Bakersfield - California Ave,35.356615,-119.062613,2022-12-22T20:00,,,,21.1,70.0,2.0
Porterville-NFS,36.0319,-119.055,2022-12-22T20:00,,,,23.2,74.0,2.0
Burns - Washington St.,43.58925,-119.048302,2022-12-22T20:00,,,,4.4,18.0,1.0
Pinehurst,36.6972,-119.0189,2022-12-22T20:00,,,,1.8,8.0,1.0
PM2.5 Mammoth Lakes EBAM,37.645812,-118.966484,2022-12-22T20:00,,,,4.0,17.0,1.0
John Day Dayton St,44.417999,-118.951302,2022-12-22T20:00,,,,6.7,28.0,1.0
Thousand Oaks - Moorpark Road,34.21017,-118.87051,2022-12-22T20:00,,,,2.2,9.0,1.0
Lebec,34.8416,-118.8647,2022-12-22T20:00,,,,1.9,8.0,1.0
Sequoia and Kings Canyon - Ash Mountain,36.489399,-118.826897,2022-12-22T20:00,,,,1.9,8.0,1.0
Springville,36.1358,-118.8108,2022-12-22T20:00,,,,10.4,43.0,1.0
Piru - Pacific,34.40428,-118.80998,2022-12-22T20:00,,,,10.4,43.0,1.0
Reseda,34.1992,-118.5331,2022-12-22T20:00,,,,8.1,34.0,1.0
Santa Clarita,34.3833,-118.5283,2022-12-22T20:00,,,,3.0,13.0,1.0
North Holywood,34.181977,-118.363036,2022-12-22T20:00,,,,11.3,47.0,1.0
Compton,33.9014,-118.205,2022-12-22T20:00,,,,29.0,87.0,2.0
La Grande Hall & N Sts,45.3235,-118.0778,2022-12-22T20:00,,,,7.8,33.0,1.0
Lone Pine Paiute/Shoshone Tribe-CA,36.5975,-118.04,2022-12-22T20:00,,,,5.6,23.0,1.0
Baker City - Forest Service,44.78822,-117.8446,2022-12-22T20:00,,,,6.2,26.0,1.0
Cove - City Hall,45.300884,-117.812896,2022-12-22T20:00,,,,4.8,20.0,1.0
Camp Pendleton,33.217026,-117.396156,2022-12-22T20:00,,,,8.3,35.0,1.0
Crestline - Lake Gregory,34.243132,-117.272275,2022-12-22T20:00,,,,5.4,23.0,1.0
San Diego - Sherman Elementary School,32.710177,-117.142665,2022-12-22T20:00,,,,14.5,56.0,2.0
Temecula (Lake Skinner),33.583099,-117.072197,2022-12-22T20:00,,,,5.5,23.0,1.0
Ontario May Roberts Elementary School,44.033365,-116.9697,2022-12-22T20:00,,,,3.3,14.0,1.0
El Cajon - Lexington Elementary School,32.789561,-116.944222,2022-12-22T20:00,,,,10.1,42.0,1.0
Otay Mesa - Donovan,32.579361,-116.929486,2022-12-22T20:00,,,,31.7,92.0,2.0
Big Bear,34.264706,-116.861653,2022-12-22T20:00,,,,15.4,58.0,2.0
Banning - South Hathaway Street,33.920758,-116.858419,2022-12-22T20:00,,,,5.6,23.0,1.0
Alpine,32.842297,-116.768326,2022-12-22T20:00,,,,4.3,18.0,1.0
Nampa Fire Station,43.58031,-116.562676,2022-12-22T20:00,,,,5.4,23.0,1.0
St. Lukes Meridian,43.600699,-116.347853,2022-12-22T20:00,,,,3.3,14.0,1.0
McCall,44.890197,-116.1065,2022-12-22T20:00,,,,4.2,18.0,1.0
Garden Valley,44.104498,-115.972386,2022-12-22T20:00,,,,4.2,18.0,1.0
Idaho City,43.823017,-115.838557,2022-12-22T20:00,,,,5.2,22.0,1.0
RT,36.139707,-115.175654,2022-12-22T20:00,,,,8.8,37.0,1.0
Twin Falls PM25,42.565089,-114.494717,2022-12-22T20:00,,,,4.2,18.0,1.0
Ketchum,43.682556,-114.371094,2022-12-22T20:00,,,,5.4,23.0,1.0
Salmon PM2.5,45.181907,-113.890285,2022-12-22T20:00,,,,4.8,20.0,1.0
Hurricane,37.179,-113.3052,2022-12-22T20:00,,,,2.8,12.0,1.0
Enoch,37.747445,-113.055524,2022-12-22T20:00,,,,4.0,17.0,1.0
Erda,40.600556,-112.355,2022-12-22T20:00,,,,1.5,6.0,1.0
Prison Site,40.807897,-112.087717,2022-12-22T20:00,,,,0.5,2.0,1.0
Idaho Falls PM2.5,43.464696,-112.046503,2022-12-22T20:00,,,,1.8,8.0,1.0
Eastwood,33.41046,-112.002642,2022-12-22T20:00,,,,11.0,46.0,1.0
Utah Tech. Center,40.7771,-111.945,2022-12-22T20:00,,,,2.0,8.0,1.0
Rose Park,40.7955,-111.9309,2022-12-22T20:00,,,,2.1,9.0,1.0
NR,40.662841,-111.901796,2022-12-22T20:00,,,,2.5,10.0,1.0
Copper View,40.598056,-111.894167,2022-12-22T20:00,,,,3.1,13.0,1.0
BV,40.897999,-111.885498,2022-12-22T20:00,,,,4.4,18.0,1.0
Preston PM25 BAM,42.082222,-111.864167,2022-12-22T20:00,,,,1.7,7.0,1.0
Smithfield,41.842778,-111.85194,2022-12-22T20:00,,,,2.8,12.0,1.0
Cave Camp - Timpanogos Cave,40.44194,-111.71341,2022-12-22T20:00,,,,2.5,10.0,1.0
Spanish Fork,40.136398,-111.660202,2022-12-22T20:00,,,,2.6,11.0,1.0
Coachline,32.3806,-111.1272,2022-12-22T20:00,,,,3.5,15.0,1.0
West Yellowstone Park Ent #2,44.657014,-111.089618,2022-12-22T20:00,,,,1.9,8.0,1.0
Children's Park Site,32.2953,-110.9822,2022-12-22T20:00,,,,8.9,37.0,1.0
Rose Elementary,32.1731,-110.9797,2022-12-22T20:00,,,,3.7,15.0,1.0
Yellowstone- Old Faithful Snow Lodge,44.373056,-110.830833,2022-12-22T20:00,,,,0.6,3.0,1.0
Roosevelt,40.2943,-110.009,2022-12-22T20:00,,,,2.0,8.0,1.0
Pinedale Gaseous,42.8698,-109.8708,2022-12-22T20:00,,,,7.1,30.0,1.0
Vernal #4,40.464722,-109.56083,2022-12-22T20:00,,,,1.4,6.0,1.0
Rock Springs SLAMS,41.592591,-109.220125,2022-12-22T20:00,,,,4.8,20.0,1.0
Cody SLAMS,44.524642,-109.068507,2022-12-22T20:00,,,,7.3,30.0,1.0
Rangely- CO,40.086941,-108.761002,2022-12-22T20:00,,,,1.4,6.0,1.0
Lander SLAMS,42.842227,-108.735562,2022-12-22T20:00,,,,12.3,51.0,2.0
South Pass,42.5275,-108.7203,2022-12-22T20:00,,,,3.5,15.0,1.0
Grand Junction - Powell Building,39.063599,-108.561096,2022-12-22T20:00,,,,2.9,12.0,1.0
Yellow Brick Building,39.192966,-106.823183,2022-12-22T20:00,,,,1.2,5.0,1.0
Las Cruces ED,32.310332,-106.751211,2022-12-22T20:00,,,,2.0,8.0,1.0
Santa Teresa,31.7878,-106.6828,2022-12-22T20:00,,,,0.0,0.0,1.0
Ascarate Park Southeast C37,31.7467,-106.402802,2022-12-22T20:00,,,,11.8,49.0,1.0
Casper Gaseous,42.82231,-106.36501,2022-12-22T20:00,,,,2.6,11.0,1.0
Santa Fe Airport,35.6198,-106.0797,2022-12-22T20:00,,,,1.7,7.0,1.0
Taos Fire Station,36.3833,-105.5833,2022-12-22T20:00,,,,2.4,10.0,1.0
Laramie SLAMS,41.308825,-105.549137,2022-12-22T20:00,,,,2.0,8.0,1.0
Boulder - CU - 2102 Athens St.,40.0128,-105.2667,2022-12-22T20:00,,,,8.0,33.0,1.0
Longmont,40.164585,-105.100861,2022-12-22T20:00,,,,4.8,20.0,1.0
Chatfield Park - 11500 N. Roxborough Park Rd.,39.5339,-105.07,2022-12-22T20:00,,,,5.4,23.0,1.0
I25 Denver,39.732144,-105.015313,2022-12-22T20:00,,,,3.5,15.0,1.0
Globeville,39.785622,-104.988469,2022-12-22T20:00,,,,5.7,24.0,1.0
Denver - CAMP - 2105 Broadway,39.751099,-104.987198,2022-12-22T20:00,,,,5.3,22.0,1.0
Adams-Birch,39.8281,-104.93645,2022-12-22T20:00,,,,4.8,20.0,1.0
Colorado College,38.848,-104.8286,2022-12-22T20:00,,,,4.2,18.0,1.0
Greeley Hospital,40.4147,-104.7061,2022-12-22T20:00,,,,4.8,20.0,1.0
Scottsbluff HS,41.875556,-103.658056,2022-12-22T20:00,,,,0.8,3.0,1.0
Hobbs Jefferson,32.7267,-103.1233,2022-12-22T20:00,,,,6.6,28.0,1.0
Pierre,44.373786,-100.287269,2022-12-22T20:00,,,,1.2,5.0,1.0
San Antonio Old Hwy90 C677,29.423933,-98.580505,2022-12-22T20:00,,,,13.6,54.0,2.0
Grand Island DOT,40.918333,-98.378889,2022-12-22T20:00,,,,2.9,12.0,1.0
Waco C1037,31.6531,-97.0706,2022-12-22T20:00,,,,10.5,44.0,1.0
Vermillion,42.789453,-96.903867,2022-12-22T20:00,,,,6.3,26.0,1.0
LLCHD BAM,40.812558,-96.675733,2022-12-22T20:00,,,,2.6,11.0,1.0
2912 Coffey,41.133317,-95.956078,2022-12-22T20:00,,,,2.4,10.0,1.0
Marshall,44.4572,-95.835,2022-12-22T20:00,,,,4.0,17.0,1.0
Clinton C403,29.7339,-95.2575,2022-12-22T20:00,,,,12.4,52.0,2.0
Viking Lake State Park,40.970001,-95.044998,2022-12-22T20:00,,,,4.3,18.0,1.0
Emmetsburg- ILCC,43.123299,-94.693298,2022-12-22T20:00,,,,4.9,20.0,1.0
RG_South,38.75961,-94.57983,2022-12-22T20:00,,,,3.5,15.0,1.0
Blue Ridge I-70,39.047911,-94.450513,2022-12-22T20:00,,,,2.6,11.0,1.0
Liberty,39.303056,-94.376389,2022-12-22T20:00,,,,2.8,12.0,1.0
SPRNGDLE,36.1797,-94.1167,2022-12-22T20:00,,,,6.6,28.0,1.0
El Do Springs,37.70097,-94.03474,2022-12-22T20:00,,,,3.8,16.0,1.0
Shreveport Airport,32.5364,-93.7492,2022-12-22T20:00,,,,8.7,36.0,1.0
St. Michael,45.2108,-93.6686,2022-12-22T20:00,,,,4.5,19.0,1.0
CARPENTER,41.6031,-93.643303,2022-12-22T20:00,,,,3.2,13.0,1.0
Shakopee,44.789398,-93.512497,2022-12-22T20:00,,,,5.6,23.0,1.0
Lakeville - Near Road,44.706123,-93.285803,2022-12-22T20:00,,,,4.9,20.0,1.0
Westlake,30.2625,-93.285,2022-12-22T20:00,,,,8.1,34.0,1.0
Minneapolis-Phillips,44.9536,-93.2581,2022-12-22T20:00,,,,5.1,21.0,1.0
Minneapolis-Near Road,44.9653,-93.2551,2022-12-22T20:00,,,,5.3,22.0,1.0
Apple Valley,44.7383,-93.2372,2022-12-22T20:00,,,,4.7,20.0,1.0
St. Paul-Harding H.S.,44.9594,-93.0356,2022-12-22T20:00,,,,5.7,24.0,1.0
Rochester,43.9947,-92.4497,2022-12-22T20:00,,,,5.1,21.0,1.0
Waterloo- Water Tower,42.5014,-92.315804,2022-12-22T20:00,,,,7.5,31.0,1.0
PARR,34.7561,-92.2758,2022-12-22T20:00,,,,6.4,27.0,1.0
Lafayette,30.2258,-92.042801,2022-12-22T20:00,,,,11.9,50.0,1.0
Lake Sugema,40.693298,-92.006104,2022-12-22T20:00,,,,8.1,34.0,1.0
PUBLIC HEALTH,41.9767,-91.6878,2022-12-22T20:00,,,,6.4,27.0,1.0
Iowa City- Hoover School,41.658195,-91.503471,2022-12-22T20:00,,,,6.9,29.0,1.0
LACROSSE DOT,43.7781,-91.225,2022-12-22T20:00,,,,6.6,28.0,1.0
Capitol,30.4622,-91.1769,2022-12-22T20:00,,,,16.2,60.0,2.0
Muscatine- High School East Campus,41.4014,-91.0684,2022-12-22T20:00,,,,0.0,0.0,1.0
French Settlement,30.315,-90.8114,2022-12-22T20:00,,,,8.4,35.0,1.0
Thibodaux,29.7639,-90.7653,2022-12-22T20:00,,,,4.9,20.0,1.0
CLEVELAND,33.750833,-90.734167,2022-12-22T20:00,,,,6.1,25.0,1.0
Potosi,42.692131,-90.696373,2022-12-22T20:00,,,,7.8,33.0,1.0
PERKINSTOWN,45.2039,-90.6,2022-12-22T20:00,,,,4.5,19.0,1.0
Davenport- 10th & Vine,41.529999,-90.587502,2022-12-22T20:00,,,,6.4,27.0,1.0
ROCK_IS,41.5144,-90.5172,2022-12-22T20:00,,,,6.6,28.0,1.0
Ladue,38.650259,-90.350463,2022-12-22T20:00,,,,10.0,42.0,1.0
JERSEYVL,39.101439,-90.344494,2022-12-22T20:00,,,,7.9,33.0,1.0
Forest Park,38.631057,-90.281144,2022-12-22T20:00,,,,9.8,41.0,1.0
South Broadway,38.5425,-90.263611,2022-12-22T20:00,,,,12.6,52.0,2.0
Hinds CC,32.346734,-90.225762,2022-12-22T20:00,,,,4.5,19.0,1.0
Clinton- Chancy Park,41.823101,-90.211899,2022-12-22T20:00,,,,7.2,30.0,1.0
Madisonville,30.4293,-90.1997,2022-12-22T20:00,,,,3.8,16.0,1.0
MARION,35.1967,-90.1911,2022-12-22T20:00,,,,3.8,16.0,1.0
East St. Louis,38.611893,-90.160614,2022-12-22T20:00,,,,11.6,48.0,1.0
GC_MAD,38.7045,-90.1397,2022-12-22T20:00,,,,17.8,63.0,2.0
HERNANDO,34.820633,-89.987782,2022-12-22T20:00,,,,4.4,18.0,1.0
HOUSTON,38.1761,-89.7883,2022-12-22T20:00,,,,15.3,58.0,2.0
Springfield Ag,39.831921,-89.644164,2022-12-22T20:00,,,,12.5,52.0,2.0
WAVELAND,30.300917,-89.395954,2022-12-22T20:00,,,,3.3,14.0,1.0
DYERSBURG,36.0528,-89.3819,2022-12-22T20:00,,,,1.4,6.0,1.0
MADISON EAST,43.1008,-89.3572,2022-12-22T20:00,,,,9.4,39.0,1.0
Hattiesburg,31.323995,-89.292219,2022-12-22T20:00,,,,4.8,20.0,1.0
Rockford,42.267002,-89.08917,2022-12-22T20:00,,,,13.1,53.0,2.0
GPORT YC,30.390123,-89.049746,2022-12-22T20:00,,,,5.2,22.0,1.0
NORMAL,40.5169,-88.9975,2022-12-22T20:00,,,,12.1,51.0,2.0
DECATUR,39.8669,-88.9256,2022-12-22T20:00,,,,14.4,56.0,2.0
Jackson,35.705338,-88.81959,2022-12-22T20:00,,,,0.3,1.0,1.0
KNIGHT_P,38.088902,-88.625,2022-12-22T20:00,,,,16.2,60.0,2.0
PASCAGOULA,30.378054,-88.533876,2022-12-22T20:00,,,,5.0,21.0,1.0
APPLETON AAL,44.3069,-88.3956,2022-12-22T20:00,,,,9.2,38.0,1.0
BONDVILLE,40.052241,-88.372549,2022-12-22T20:00,,,,19.9,67.0,2.0
Ward,32.36253,-88.27792,2022-12-22T20:00,,,,0.0,0.0,1.0
CARY,42.2211,-88.2411,2022-12-22T20:00,,,,19.1,66.0,2.0
BRAIDWD,41.2222,-88.1906,2022-12-22T20:00,,,,17.5,62.0,2.0
Naperville,41.7714,-88.1522,2022-12-22T20:00,,,,28.1,85.0,2.0
Joliet,41.526885,-88.116474,2022-12-22T20:00,,,,25.2,79.0,2.0
CHICK.,30.7697,-88.0875,2022-12-22T20:00,,,,3.7,15.0,1.0
GREEN BAY E HIGH,44.5167,-87.9939,2022-12-22T20:00,,,,11.6,48.0,1.0
SCHILPRK,41.965,-87.8761,2022-12-22T20:00,,,,29.3,87.0,2.0
DESPLNS,42.0603,-87.8631,2022-12-22T20:00,,,,28.5,85.0,2.0
CHIWAUKEE,42.5047,-87.8111,2022-12-22T20:00,,,,21.0,70.0,2.0
HARRINGTON BCH,43.4981,-87.81,2022-12-22T20:00,,,,13.1,53.0,2.0
NORTHBRK,42.1406,-87.7994,2022-12-22T20:00,,,,27.1,83.0,2.0
Cicero2,41.864329,-87.748826,2022-12-22T20:00,,,,25.5,79.0,2.0
CHI_COM,41.7547,-87.7136,2022-12-22T20:00,,,,20.8,69.0,2.0
Kingery Near-road #1,41.578603,-87.557392,2022-12-22T20:00,,,,28.9,86.0,2.0
Hammond-167th St,41.594427,-87.495044,2022-12-22T20:00,,,,25.4,79.0,2.0
East Chicago - Marina,41.653446,-87.435435,2022-12-22T20:00,,,,28.9,86.0,2.0
Loretto,35.116866,-87.419726,2022-12-22T20:00,,,,4.3,18.0,1.0
Clarksville,36.611411,-87.384666,2022-12-22T20:00,,,,1.7,7.0,1.0
OWENPRI,37.7808,-87.0756,2022-12-22T20:00,,,,7.7,32.0,1.0
Columbia,35.65188,-87.0096,2022-12-22T20:00,,,,2.3,10.0,1.0
MCADORY,33.3311,-87.0036,2022-12-22T20:00,,,,1.1,5.0,1.0
DECATUR,34.5286,-86.9706,2022-12-22T20:00,,,,2.8,12.0,1.0
CORNER,33.8017,-86.9425,2022-12-22T20:00,,,,1.4,6.0,1.0
HVILLE,36.2975,-86.6525,2022-12-22T20:00,,,,3.9,16.0,1.0
Huntsville Old Airport,34.6917,-86.591698,2022-12-22T20:00,,,,3.4,14.0,1.0
LEEDS,33.5453,-86.5492,2022-12-22T20:00,,,,3.6,15.0,1.0
Indpls-W.18th St,39.788889,-86.214722,2022-12-22T20:00,,,,16.1,59.0,2.0
South Bend-Shields Dr,41.696667,-86.214722,2022-12-22T20:00,,,,24.8,78.0,2.0
HOLLAND,42.767799,-86.148598,2022-12-22T20:00,,,,23.3,75.0,2.0
Indpls - I-70 E,39.787933,-86.13088,2022-12-22T20:00,,,,15.2,58.0,2.0
GADSDEN,33.991341,-85.992653,2022-12-22T20:00,,,,1.3,5.0,1.0
Elkhart-Prairie St.,41.657155,-85.968446,2022-12-22T20:00,,,,16.8,61.0,2.0
Fishers,39.960884,-85.939546,2022-12-22T20:00,,,,8.1,34.0,1.0
ETOWN2,37.7064,-85.8517,2022-12-22T20:00,,,,6.2,26.0,1.0
Jeffersonville - Bates-Bowyer Av,38.288191,-85.741337,2022-12-22T20:00,,,,10.6,44.0,1.0
St. Andrews Park,30.128901,-85.738098,2022-12-22T20:00,,,,2.8,12.0,1.0
Anderson-Eastside Elem. Sch,40.12569,-85.652127,2022-12-22T20:00,,,,11.1,46.0,1.0
Larwill,41.169722,-85.629444,2022-12-22T20:00,,,,16.7,61.0,2.0
Bonifay,30.8475,-85.6044,2022-12-22T20:00,,,,5.1,21.0,1.0
KALAMAZOO,42.2781,-85.5419,2022-12-22T20:00,,,,32.0,93.0,2.0
Cookeville,36.1857,-85.4921,2022-12-22T20:00,,,,4.4,18.0,1.0
Rome,34.26054,-85.32333,2022-12-22T20:00,,,,0.0,0.0,1.0
Riverside,35.0508,-85.2931,2022-12-22T20:00,,,,10.8,45.0,1.0
PC South Girard School,32.437028,-84.999653,2022-12-22T20:00,,,,0.7,3.0,1.0
HOUGHTON LAKE,44.3106,-84.891899,2022-12-22T20:00,,,,19.2,66.0,2.0
Preble NCore,39.83562,-84.72049,2022-12-22T20:00,,,,11.9,50.0,1.0
Colerain,39.21494,-84.69086,2022-12-22T20:00,,,,4.7,20.0,1.0
SOMERST,37.097801,-84.611702,2022-12-22T20:00,,,,4.9,20.0,1.0
ATHENS,35.4511,-84.5992,2022-12-22T20:00,,,,5.2,22.0,1.0
LANSING,42.76138,-84.562867,2022-12-22T20:00,,,,24.6,77.0,2.0
Lower Price Hill,39.10492,-84.55117,2022-12-22T20:00,,,,8.9,37.0,1.0
Harriman,35.9386,-84.5439,2022-12-22T20:00,,,,8.7,36.0,1.0
Cincinnati Near Road,39.146025,-84.538375,2022-12-22T20:00,,,,8.4,35.0,1.0
NEWTWN,38.065,-84.5,2022-12-22T20:00,,,,6.7,28.0,1.0
Carthage,39.194331,-84.478974,2022-12-22T20:00,,,,10.3,43.0,1.0
NKU,39.0217,-84.4744,2022-12-22T20:00,,,,7.3,30.0,1.0
NR-Georgia Tech,33.778315,-84.391418,2022-12-22T20:00,,,,10.7,45.0,1.0
Sycamore,39.2787,-84.36612,2022-12-22T20:00,,,,5.5,23.0,1.0
United Ave,33.7206,-84.3578,2022-12-22T20:00,,,,4.6,19.0,1.0
Tallahassee Community College,30.4397,-84.3483,2022-12-22T20:00,,,,2.8,12.0,1.0
LOUDONMS,35.7197,-84.3417,2022-12-22T20:00,,,,7.6,32.0,1.0
Lebanon,39.42689,-84.20077,2022-12-22T20:00,,,,5.2,22.0,1.0
Sinclair,39.758235,-84.197375,2022-12-22T20:00,,,,7.5,31.0,1.0
St. Marks Wildlife Refuge,30.0842,-84.1617,2022-12-22T20:00,,,,3.2,13.0,1.0
Batavia,39.0828,-84.1441,2022-12-22T20:00,,,,1.9,8.0,1.0
Lima,40.771,-84.0539,2022-12-22T20:00,,,,5.7,24.0,1.0
Rule,35.97773,-83.9504,2022-12-22T20:00,,,,10.5,44.0,1.0
TECUMSEH,41.995602,-83.946701,2022-12-22T20:00,,,,15.9,59.0,2.0
MARYVILL,35.7683,-83.9422,2022-12-22T20:00,,,,12.6,52.0,2.0
AIR LAB,35.9803,-83.9306,2022-12-22T20:00,,,,9.4,39.0,1.0
BAY CITY,43.5714,-83.8908,2022-12-22T20:00,,,,17.5,62.0,2.0
SPRINGHILL,36.0183,-83.8761,2022-12-22T20:00,,,,9.0,38.0,1.0
Springfield Fire St1,39.92882,-83.80949,2022-12-22T20:00,,,,6.3,26.0,1.0
MIDAIR,36.6081,-83.7369,2022-12-22T20:00,,,,4.8,20.0,1.0
FLINT,43.0289,-83.669403,2022-12-22T20:00,,,,15.1,57.0,2.0
YPSILANTI,42.24,-83.5997,2022-12-22T20:00,,,,14.2,55.0,2.0
Erie,41.644067,-83.54625,2022-12-22T20:00,,,,4.6,19.0,1.0
BRYSON,35.434767,-83.442133,2022-12-22T20:00,,,,0.8,3.0,1.0
ELIZA HOWELL-NR,42.38599,-83.266319,2022-12-22T20:00,,,,16.1,59.0,2.0
HAZ2,37.2831,-83.2203,2022-12-22T20:00,,,,3.0,13.0,1.0
ALLEN PARK,42.2283,-83.2092,2022-12-22T20:00,,,,9.3,39.0,1.0
NMH48217,42.261669,-83.157893,2022-12-22T20:00,,,,10.0,42.0,1.0
TRINITY,42.295824,-83.129431,2022-12-22T20:00,,,,14.0,55.0,2.0
DETROIT-SW,42.3042,-83.1072,2022-12-22T20:00,,,,10.6,44.0,1.0
MILITARY PARK,42.312078,-83.103469,2022-12-22T20:00,,,,12.1,51.0,2.0
DP4TH,42.312158,-83.091943,2022-12-22T20:00,,,,11.3,47.0,1.0
Smoky Row Near Road,40.11109,-83.065376,2022-12-22T20:00,,,,14.9,57.0,2.0
Windsor Downtown,42.3144,-83.0433,2022-12-22T20:00,,,,8.0,33.0,1.0
GRAYSON,38.2383,-82.9883,2022-12-22T20:00,,,,3.9,16.0,1.0
NEW HAVEN,42.7314,-82.7936,2022-12-22T20:00,,,,9.6,40.0,1.0
ODOT Ironton,38.508114,-82.659301,2022-12-22T20:00,,,,7.0,29.0,1.0
Crystal River Preserve,28.958372,-82.643094,2022-12-22T20:00,,,,2.1,9.0,1.0
FIVCO,38.4592,-82.6339,2022-12-22T20:00,,,,5.0,21.0,1.0
Lake City,30.1783,-82.6192,2022-12-22T20:00,,,,3.4,14.0,1.0
BDED,35.6062,-82.5844,2022-12-22T20:00,,,,6.5,27.0,1.0
PIKE2001,37.4828,-82.5353,2022-12-22T20:00,,,,2.7,11.0,1.0
Kingsport,36.5408,-82.5217,2022-12-22T20:00,,,,3.6,15.0,1.0
PORT HURON,42.9533,-82.4564,2022-12-22T20:00,,,,10.3,43.0,1.0
Osceola National Forest,30.1972,-82.445,2022-12-22T20:00,,,,4.2,18.0,1.0
Sarnia,42.990263,-82.395341,2022-12-22T20:00,,,,7.4,31.0,1.0
Paynes Prairie Farm,29.56615,-82.266066,2022-12-22T20:00,,,,4.1,17.0,1.0
Chatham,42.4033,-82.2086,2022-12-22T20:00,,,,6.0,25.0,1.0
YMCA - Marion County,29.170799,-82.1008,2022-12-22T20:00,,,,5.8,24.0,1.0
Spruce Pine,35.912487,-82.062082,2022-12-22T20:00,,,,4.4,18.0,1.0
TK Gregg,34.955601,-81.924797,2022-12-22T20:00,,,,2.3,10.0,1.0
Chippewa,41.0604,-81.9239,2022-12-22T20:00,,,,4.9,20.0,1.0
Trenton,33.7397,-81.8536,2022-12-22T20:00,,,,2.0,8.0,1.0
Grand Bend,43.3306,-81.7425,2022-12-22T20:00,,,,9.4,39.0,1.0
St Theodosius,41.477011,-81.682383,2022-12-22T20:00,,,,11.7,49.0,1.0
CHARLESTON,38.346258,-81.621161,2022-12-22T20:00,,,,1.2,5.0,1.0
Pepsi Place,30.262808,-81.606834,2022-12-22T20:00,,,,6.5,27.0,1.0
Sheffield Elementary School,30.4758,-81.5869,2022-12-22T20:00,,,,3.1,13.0,1.0
Tiverton,44.2994,-81.5753,2022-12-22T20:00,,,,9.1,38.0,1.0
East HS,41.063526,-81.468956,2022-12-22T20:00,,,,7.0,29.0,1.0
Mayo Clinic,30.2603,-81.4533,2022-12-22T20:00,,,,2.9,12.0,1.0
Canton,40.800717,-81.373,2022-12-22T20:00,,,,7.1,30.0,1.0
HICKORY,35.728889,-81.365556,2022-12-22T20:00,,,,2.2,9.0,1.0
Painesville,41.726811,-81.242156,2022-12-22T20:00,,,,6.4,27.0,1.0
London,42.974461,-81.200858,2022-12-22T20:00,,,,9.1,38.0,1.0
Port Stanley,42.6725,-81.1647,2022-12-22T20:00,,,,7.5,31.0,1.0
Irmo,34.051102,-81.154999,2022-12-22T20:00,,,,0.0,0.0,1.0
Parklane,34.093899,-80.962196,2022-12-22T20:00,,,,2.6,11.0,1.0
Remount,35.213171,-80.874084,2022-12-22T20:00,,,,3.1,13.0,1.0
Friendship Park,35.281791,-80.851473,2022-12-22T20:00,,,,1.4,6.0,1.0
Laird Eng Bldg,41.23172,-80.80116,2022-12-22T20:00,,,,5.4,23.0,1.0
MOUNDSVILLE,39.9158,-80.7342,2022-12-22T20:00,,,,4.6,19.0,1.0
Youngstown State,41.106182,-80.640576,2022-12-22T20:00,,,,5.0,21.0,1.0
Steubenville,40.366452,-80.615691,2022-12-22T20:00,,,,4.5,19.0,1.0
Kitchener,43.4419,-80.5044,2022-12-22T20:00,,,,12.5,52.0,2.0
Farrell,41.215,-80.485,2022-12-22T20:00,,,,3.6,15.0,1.0
Florence,40.4447,-80.42,2022-12-22T20:00,,,,3.3,14.0,1.0
ROCKWELL,35.551868,-80.395039,2022-12-22T20:00,,,,0.0,0.0,1.0
Clemmons Middle,36.0261,-80.3419,2022-12-22T20:00,,,,0.7,3.0,1.0
Beaver Falls,40.747799,-80.316704,2022-12-22T20:00,,,,4.8,20.0,1.0
Brantford,43.1403,-80.2961,2022-12-22T20:00,,,,8.3,35.0,1.0
LWATTOWR,35.8145,-80.2627,2022-12-22T20:00,,,,0.0,0.0,1.0
Chesterfield,34.615299,-80.198898,2022-12-22T20:00,,,,0.5,2.0,1.0
Avalon,40.499789,-80.071347,2022-12-22T20:00,,,,4.0,17.0,1.0
Parry Sound,45.3378,-80.0378,2022-12-22T20:00,,,,10.0,42.0,1.0
Erie,42.1428,-80.0372,2022-12-22T20:00,,,,4.5,19.0,1.0
Lawrenceville,40.4656,-79.9611,2022-12-22T20:00,,,,3.5,15.0,1.0
North Charleston F.S.,32.84,-79.96,2022-12-22T20:00,,,,2.5,10.0,1.0
Charleroi,40.1469,-79.9033,2022-12-22T20:00,,,,3.7,15.0,1.0
Clairton,40.294381,-79.885303,2022-12-22T20:00,,,,4.4,18.0,1.0
EAST VINTON ELEMENTARY SCHOOL,37.28342,-79.88452,2022-12-22T20:00,,,,1.3,5.0,1.0
Liberty (SAHS),40.323898,-79.868301,2022-12-22T20:00,,,,1.2,5.0,1.0
Parkway East (Near Road),40.437431,-79.863572,2022-12-22T20:00,,,,2.5,10.0,1.0
North Braddock,40.402267,-79.860942,2022-12-22T20:00,,,,2.7,11.0,1.0
Candor FRO,35.263165,-79.836636,2022-12-22T20:00,,,,6.5,27.0,1.0
Williams Middle School,34.2143,-79.7673,2022-12-22T20:00,,,,1.2,5.0,1.0
Barrie,44.382361,-79.702306,2022-12-22T20:00,,,,13.2,53.0,2.0
Cape Romain,32.941002,-79.656998,2022-12-22T20:00,,,,5.4,23.0,1.0
Kittanning,40.8142,-79.565,2022-12-22T20:00,,,,2.6,11.0,1.0
St. Catharines,43.1583,-79.235,2022-12-22T20:00,,,,4.3,18.0,1.0
Piney Run,39.705799,-79.011902,2022-12-22T20:00,,,,1.6,7.0,1.0
Dorset,45.2211,-78.9314,2022-12-22T20:00,,,,8.0,33.0,1.0
Strongstown,40.5633,-78.92,2022-12-22T20:00,,,,2.7,11.0,1.0
Johnstown,40.3097,-78.9158,2022-12-22T20:00,,,,3.4,14.0,1.0
Tonawanda II,42.9981,-78.8993,2022-12-22T20:00,,,,5.7,24.0,1.0
Triple Oak - Near Road,35.8652,-78.8197,2022-12-22T20:00,,,,5.2,22.0,1.0
Buffalo,42.8781,-78.8094,2022-12-22T20:00,,,,8.0,33.0,1.0
Buffalo Near-road,42.92111,-78.76611,2022-12-22T20:00,,,,5.6,23.0,1.0
Albemarle HS,38.07657,-78.50397,2022-12-22T20:00,,,,2.5,10.0,1.0
JOHNSTON,35.59095,-78.4622,2022-12-22T20:00,,,,3.1,13.0,1.0
Shenandoah NP,38.5231,-78.4347,2022-12-22T20:00,,,,0.0,0.0,1.0
Altoona,40.515,-78.3889,2022-12-22T20:00,,,,10.6,44.0,1.0
Peterborough,44.3,-78.35,2022-12-22T20:00,,,,9.5,40.0,1.0
State College,40.8114,-77.8769,2022-12-22T20:00,,,,11.9,50.0,1.0
Hagerstown,39.565601,-77.721901,2022-12-22T20:00,,,,14.4,56.0,2.0
Northampton,36.511708,-77.655389,2022-12-22T20:00,,,,6.4,27.0,1.0
LEGGETT,35.988278,-77.5843,2022-12-22T20:00,,,,3.4,14.0,1.0
Rochester Near-road,43.145021,-77.557608,2022-12-22T20:00,,,,5.5,23.0,1.0
Rochester,43.1461,-77.5481,2022-12-22T20:00,,,,6.2,26.0,1.0
Richmond City Near Road,37.59088,-77.46925,2022-12-22T20:00,,,,4.2,18.0,1.0
Belleville,44.1503,-77.3956,2022-12-22T20:00,,,,4.4,18.0,1.0
PITTAGCT,35.641276,-77.360126,2022-12-22T20:00,,,,4.1,17.0,1.0
Arendtsville,39.9233,-77.3081,2022-12-22T20:00,,,,15.7,59.0,2.0
Carlisle,40.2464,-77.1867,2022-12-22T20:00,,,,14.1,55.0,2.0
Rockville,39.114399,-77.106903,2022-12-22T20:00,,,,2.3,10.0,1.0
McMillan Reservoir,38.921848,-77.013176,2022-12-22T20:00,,,,6.5,27.0,1.0
King Greenleaf Rec Center,38.875161,-77.012816,2022-12-22T20:00,,,,6.6,28.0,1.0
RIVER_Terrace,38.895683,-76.958089,2022-12-22T20:00,,,,7.3,30.0,1.0
DCNearRoad,38.894749,-76.953427,2022-12-22T20:00,,,,6.6,28.0,1.0
Harrisburg,40.246992,-76.846988,2022-12-22T20:00,,,,18.9,65.0,2.0
Howard County Near Road,39.143197,-76.846192,2022-12-22T20:00,,,,8.0,33.0,1.0
Padonia,39.462002,-76.631599,2022-12-22T20:00,,,,4.5,19.0,1.0
Lake Montebello,39.33746,-76.58905,2022-12-22T20:00,,,,4.6,19.0,1.0
Kingston,44.219867,-76.521128,2022-12-22T20:00,,,,4.8,20.0,1.0
Lebanon,40.338516,-76.394788,2022-12-22T20:00,,,,15.9,59.0,2.0
Edgewood,39.41,-76.2967,2022-12-22T20:00,,,,3.2,13.0,1.0
Lancaster,40.0467,-76.2833,2022-12-22T20:00,,,,10.9,45.0,1.0
Horn Point,38.5876,-76.1408,2022-12-22T20:00,,,,5.0,21.0,1.0
Lancaster DW,40.0439,-76.1125,2022-12-22T20:00,,,,12.7,52.0,2.0
E Syracuse,43.0528,-76.0597,2022-12-22T20:00,,,,4.7,20.0,1.0
Reading Airport,40.3833,-75.9686,2022-12-22T20:00,,,,16.4,60.0,2.0
Fair Hill,39.701099,-75.860001,2022-12-22T20:00,,,,3.6,15.0,1.0
New Garden,39.8344,-75.7678,2022-12-22T20:00,,,,8.4,35.0,1.0
LUMS 2,39.5513,-75.732,2022-12-22T20:00,,,,9.1,38.0,1.0
Scranton,41.4428,-75.6231,2022-12-22T20:00,,,,9.0,38.0,1.0
SEAFORD,38.6539,-75.6106,2022-12-22T20:00,,,,4.5,19.0,1.0
Rte 9 Del. City,39.57768,-75.6036,2022-12-22T20:00,,,,9.3,39.0,1.0
MLK,39.739444,-75.558056,2022-12-22T20:00,,,,10.7,45.0,1.0
KILLENS,38.986672,-75.5568,2022-12-22T20:00,,,,4.2,18.0,1.0
Dover,39.155,-75.518056,2022-12-22T20:00,,,,4.8,20.0,1.0
Allentown,40.6119,-75.4325,2022-12-22T20:00,,,,14.2,55.0,2.0
Chester,39.8356,-75.3725,2022-12-22T20:00,,,,13.3,54.0,2.0
Freemansburg,40.6281,-75.3411,2022-12-22T20:00,,,,16.6,60.0,2.0
