Kapolei,2023-01-28 14:34:55.520593+00:00,2023-01-28T14:00,4.0,4.0,1.0,1.0,4.0,1.0
Honolulu,2023-01-28 14:34:55.520593+00:00,2023-01-28T14:00,4.0,4.0,1.0,0.6,3.0,1.0
Laurel,2023-01-28 14:34:55.520593+00:00,2023-01-28T14:00,4.0,4.0,1.0,,,
Garden,2023-01-28 14:34:55.520593+00:00,2023-01-28T14:00,5.0,5.0,1.0,1.5,6.0,1.0
Parkgate (Eagle River),2023-01-28 14:34:55.520593+00:00,2023-01-28T14:00,3.0,3.0,1.0,,,
Butte (Harrison Court),2023-01-28 14:34:55.520593+00:00,2023-01-28T14:00,3.0,3.0,1.0,0.0,0.0,1.0
NCore,2023-01-28 14:34:55.520593+00:00,2023-01-28T14:00,9.0,8.0,1.0,8.8,37.0,1.0
BLM-Kaktovik,2023-01-28 14:34:55.520593+00:00,2023-01-28T14:00,1.0,1.0,1.0,1.0,4.0,1.0
Floyd Dryden,2023-01-28 14:34:55.520593+00:00,2023-01-28T14:00,4.0,4.0,1.0,3.3,14.0,1.0
Kitimat Riverlodge,2023-01-28 14:34:55.520593+00:00,2023-01-28T14:00,1.0,1.0,1.0,2.0,8.0,1.0
Burns Lake Fire Centre,2023-01-28 14:34:55.520593+00:00,2023-01-28T14:00,5.0,5.0,1.0,1.4,6.0,1.0
Jacobs,2023-01-28 14:34:55.520593+00:00,2023-01-28T14:00,16.0,15.0,1.0,,,
Fort Bragg High School,2023-01-28 14:34:55.520593+00:00,2023-01-28T14:00,5.0,5.0,1.0,,,
Vancouver Airport,2023-01-28 14:34:55.520593+00:00,2023-01-28T14:00,4.0,4.0,1.0,1.8,8.0,1.0
Burnaby North,2023-01-28 14:34:55.520593+00:00,2023-01-28T14:00,3.0,3.0,1.0,,,
Burnaby South,2023-01-28 14:34:55.520593+00:00,2023-01-28T14:00,1.0,1.0,1.0,0.9,4.0,1.0
Kensington Park,2023-01-28 14:34:55.520593+00:00,2023-01-28T14:00,2.0,2.0,1.0,0.4,2.0,1.0
Langley,2023-01-28 14:34:55.520593+00:00,2023-01-28T14:00,0.0,0.0,1.0,2.1,9.0,1.0
Quesnel Johnston Avenue,2023-01-28 14:34:55.520593+00:00,2023-01-28T14:00,1.0,1.0,1.0,0.8,3.0,1.0
Abbotsford Airport,2023-01-28 14:34:55.520593+00:00,2023-01-28T14:00,2.0,2.0,1.0,2.6,11.0,1.0
Abbotsford,2023-01-28 14:34:55.520593+00:00,2023-01-28T14:00,2.0,2.0,1.0,2.1,9.0,1.0
Williams Lake Columneetza School,2023-01-28 14:34:55.520593+00:00,2023-01-28T14:00,2.0,2.0,1.0,2.0,8.0,1.0
Chilliwack,2023-01-28 14:34:55.520593+00:00,2023-01-28T14:00,6.0,6.0,1.0,2.0,8.0,1.0
Chico -  East,2023-01-28 14:34:55.520593+00:00,2023-01-28T14:00,6.0,6.0,1.0,7.1,30.0,1.0
San Juan Bautista AMS,2023-01-28 14:34:55.520593+00:00,2023-01-28T14:00,19.0,18.0,1.0,,,
Hope,2023-01-28 14:34:55.520593+00:00,2023-01-28T14:00,5.0,5.0,1.0,3.1,13.0,1.0
TracyAP,2023-01-28 14:34:55.520593+00:00,2023-01-28T14:00,19.0,18.0,1.0,12.6,52.0,2.0
Hollister AMS,2023-01-28 14:34:55.520593+00:00,2023-01-28T14:00,7.0,6.0,1.0,2.5,10.0,1.0
Manteca,2023-01-28 14:34:55.520593+00:00,2023-01-28T14:00,24.0,22.0,1.0,18.6,65.0,2.0
King City AMS,2023-01-28 14:34:55.520593+00:00,2023-01-28T14:00,5.0,5.0,1.0,1.1,5.0,1.0
FORT ST JOHN LEARNING CENTRE,2023-01-28 14:34:55.520593+00:00,2023-01-28T14:00,4.0,4.0,1.0,0.4,2.0,1.0
Turlock - S. Minaret Street,2023-01-28 14:34:55.520593+00:00,2023-01-28T14:00,24.0,22.0,1.0,16.6,60.0,2.0
San Andreas,2023-01-28 14:34:55.520593+00:00,2023-01-28T14:00,14.0,13.0,1.0,11.1,46.0,1.0
Atascadero2,2023-01-28 14:34:55.520593+00:00,2023-01-28T14:00,16.0,15.0,1.0,7.9,33.0,1.0
SLO Roberto,2023-01-28 14:34:55.520593+00:00,2023-01-28T14:00,9.0,8.0,1.0,5.4,23.0,1.0
Nipomo Mesa CDF,2023-01-28 14:34:55.520593+00:00,2023-01-28T14:00,11.0,10.0,1.0,6.0,25.0,1.0
Mesa 2 /Nipomo,2023-01-28 14:34:55.520593+00:00,2023-01-28T14:00,11.0,10.0,1.0,3.6,15.0,1.0
Yakima-4th Ave,2023-01-28 14:34:55.520593+00:00,2023-01-28T14:00,7.0,6.0,1.0,7.0,29.0,1.0
Nipomo RP,2023-01-28 14:34:55.520593+00:00,2023-01-28T14:00,9.0,8.0,1.0,,,
Merced-M St,2023-01-28 14:34:55.520593+00:00,2023-01-28T14:00,35.0,32.0,1.0,24.6,77.0,2.0
Lompoc H Street,2023-01-28 14:34:55.520593+00:00,2023-01-28T14:00,15.0,14.0,1.0,5.3,22.0,1.0
Santa Maria,2023-01-28 14:34:55.520593+00:00,2023-01-28T14:00,15.0,14.0,1.0,3.0,13.0,1.0
Las Flores Canyon,2023-01-28 14:34:55.520593+00:00,2023-01-28T14:00,12.0,11.0,1.0,,,
Madera-City,2023-01-28 14:34:55.520593+00:00,2023-01-28T14:00,22.0,20.0,1.0,19.7,67.0,2.0
South Lake Tahoe - Sandy Way,2023-01-28 14:34:55.520593+00:00,2023-01-28T14:00,5.0,5.0,1.0,,,
Goleta,2023-01-28 14:34:55.520593+00:00,2023-01-28T14:00,10.0,9.0,1.0,1.9,8.0,1.0
Reno4,2023-01-28 14:34:55.520593+00:00,2023-01-28T14:00,1.0,1.0,1.0,0.0,0.0,1.0
Santa Rosa Rancheria,2023-01-28 14:34:55.520593+00:00,2023-01-28T14:00,36.0,33.0,1.0,,,
Sparks,2023-01-28 14:34:55.520593+00:00,2023-01-28T14:00,20.0,19.0,1.0,13.2,53.0,2.0
Fresno - Drummond Street,2023-01-28 14:34:55.520593+00:00,2023-01-28T14:00,73.0,60.0,2.0,,,
Toll,2023-01-28 14:34:55.520593+00:00,2023-01-28T14:00,4.0,4.0,1.0,2.7,11.0,1.0
Clovis - N. Villa Ave,2023-01-28 14:34:55.520593+00:00,2023-01-28T14:00,24.0,22.0,1.0,17.1,62.0,2.0
Santa Barbara,2023-01-28 14:34:55.520593+00:00,2023-01-28T14:00,16.0,15.0,1.0,9.6,40.0,1.0
Hanford - S. Irwin Street,2023-01-28 14:34:55.520593+00:00,2023-01-28T14:00,54.0,50.0,1.0,39.2,110.0,3.0
Corcoran,2023-01-28 14:34:55.520593+00:00,2023-01-28T14:00,19.0,18.0,1.0,19.2,66.0,2.0
Kelowna KLO Road,2023-01-28 14:34:55.520593+00:00,2023-01-28T14:00,4.0,4.0,1.0,4.1,17.0,1.0
Wadsworth-NV,2023-01-28 14:34:55.520593+00:00,2023-01-28T14:00,9.0,8.0,1.0,,,
Vernon Science Centre,2023-01-28 14:34:55.520593+00:00,2023-01-28T14:00,3.0,3.0,1.0,1.8,8.0,1.0
Kennewick-Metaline,2023-01-28 14:34:55.520593+00:00,2023-01-28T14:00,0.0,0.0,1.0,0.9,4.0,1.0
El Rio - Rio Mesa School #2,2023-01-28 14:34:55.520593+00:00,2023-01-28T14:00,13.0,12.0,1.0,5.2,22.0,1.0
Lee Vining,2023-01-28 14:34:55.520593+00:00,2023-01-28T14:00,3.0,3.0,1.0,1.9,8.0,1.0
Bakersfield - Golden State Highway,2023-01-28 14:34:55.520593+00:00,2023-01-28T14:00,43.0,40.0,1.0,30.5,90.0,2.0
Burbank-Maple Street,2023-01-28 14:34:55.520593+00:00,2023-01-28T14:00,4.0,4.0,1.0,1.3,5.0,1.0
Mammoth Lakes,2023-01-28 14:34:55.520593+00:00,2023-01-28T14:00,16.0,15.0,1.0,,,
Simi Valley - Cochran Street,2023-01-28 14:34:55.520593+00:00,2023-01-28T14:00,12.0,11.0,1.0,4.2,18.0,1.0
Bishop Paiute Tribe-CA,2023-01-28 14:34:55.520593+00:00,2023-01-28T14:00,25.0,23.0,1.0,42.7,119.0,3.0
NCORE - Bishop,2023-01-28 14:34:55.520593+00:00,2023-01-28T14:00,5.0,5.0,1.0,1.5,6.0,1.0
Los Angeles - N. Main Street,2023-01-28 14:34:55.520593+00:00,2023-01-28T14:00,32.0,30.0,1.0,16.4,60.0,2.0
Long Beach Signal Hill,2023-01-28 14:34:55.520593+00:00,2023-01-28T14:00,21.0,19.0,1.0,8.3,35.0,1.0
Lone Pine,2023-01-28 14:34:55.520593+00:00,2023-01-28T14:00,5.0,5.0,1.0,,,
Olancha,2023-01-28 14:34:55.520593+00:00,2023-01-28T14:00,5.0,5.0,1.0,,,
Bill Stanley,2023-01-28 14:34:55.520593+00:00,2023-01-28T14:00,6.0,6.0,1.0,,,
North Beach,2023-01-28 14:34:55.520593+00:00,2023-01-28T14:00,4.0,4.0,1.0,,,
Dirty Socks,2023-01-28 14:34:55.520593+00:00,2023-01-28T14:00,5.0,5.0,1.0,,,
Coso Junction,2023-01-28 14:34:55.520593+00:00,2023-01-28T14:00,6.0,6.0,1.0,,,
Lizard Tail,2023-01-28 14:34:55.520593+00:00,2023-01-28T14:00,6.0,6.0,1.0,,,
Anaheim,2023-01-28 14:34:55.520593+00:00,2023-01-28T14:00,15.0,14.0,1.0,5.6,23.0,1.0
Colville-E 1st St,2023-01-28 14:34:55.520593+00:00,2023-01-28T14:00,5.0,5.0,1.0,3.0,13.0,1.0
Shell Cut,2023-01-28 14:34:55.520593+00:00,2023-01-28T14:00,6.0,6.0,1.0,,,
Keeler,2023-01-28 14:34:55.520593+00:00,2023-01-28T14:00,5.0,5.0,1.0,2.3,10.0,1.0
Mill Site,2023-01-28 14:34:55.520593+00:00,2023-01-28T14:00,6.0,6.0,1.0,,,
Glendora - Laurel,2023-01-28 14:34:55.520593+00:00,2023-01-28T14:00,26.0,24.0,1.0,8.5,35.0,1.0
Castlegar Zinio Park,2023-01-28 14:34:55.520593+00:00,2023-01-28T14:00,4.0,4.0,1.0,2.3,10.0,1.0
Upland,2023-01-28 14:34:55.520593+00:00,2023-01-28T14:00,28.0,26.0,1.0,9.6,40.0,1.0
Cheney-Turnbull (SO),2023-01-28 14:34:55.520593+00:00,2023-01-28T14:00,2.0,2.0,1.0,0.6,3.0,1.0
Mira Loma - Van Buren,2023-01-28 14:34:55.520593+00:00,2023-01-28T14:00,50.0,46.0,1.0,21.5,71.0,2.0
Riverside - Rubidoux,2023-01-28 14:34:55.520593+00:00,2023-01-28T14:00,41.0,38.0,1.0,14.9,57.0,2.0
Trona - Athol and Telegraph,2023-01-28 14:34:55.520593+00:00,2023-01-28T14:00,8.0,7.0,1.0,,,
Lake Elsinore - W. Flint Street,2023-01-28 14:34:55.520593+00:00,2023-01-28T14:00,14.0,13.0,1.0,8.0,33.0,1.0
Victorville - Park Avenue,2023-01-28 14:34:55.520593+00:00,2023-01-28T14:00,9.0,8.0,1.0,3.7,15.0,1.0
Hesperia - Olive Street,2023-01-28 14:34:55.520593+00:00,2023-01-28T14:00,16.0,15.0,1.0,,,
San Bernadino - 4th Street,2023-01-28 14:34:55.520593+00:00,2023-01-28T14:00,33.0,31.0,1.0,,,
Spokane-E Broadway Ave,2023-01-28 14:34:55.520593+00:00,2023-01-28T14:00,2.0,2.0,1.0,0.0,0.0,1.0
Barstow,2023-01-28 14:34:55.520593+00:00,2023-01-28T14:00,15.0,14.0,1.0,,,
Golden Helipad,2023-01-28 14:34:55.520593+00:00,2023-01-28T14:00,1.0,1.0,1.0,1.5,6.0,1.0
Lucerne Valley,2023-01-28 14:34:55.520593+00:00,2023-01-28T14:00,11.0,10.0,1.0,,,
Nampa Fire Station,2023-01-28 14:34:55.520593+00:00,2023-01-28T14:00,16.0,15.0,1.0,8.4,35.0,1.0
Sandpoint U of I,2023-01-28 14:34:55.520593+00:00,2023-01-28T14:00,3.0,3.0,1.0,1.4,6.0,1.0
Palm Springs - Fire Station,2023-01-28 14:34:55.520593+00:00,2023-01-28T14:00,9.0,8.0,1.0,,,
Garden City,2023-01-28 14:34:55.520593+00:00,2023-01-28T14:00,8.0,7.0,1.0,6.3,26.0,1.0
Pinehurst,2023-01-28 14:34:55.520593+00:00,2023-01-28T14:00,9.0,8.0,1.0,1.4,6.0,1.0
Indio-29 Palms,2023-01-28 14:34:55.520593+00:00,2023-01-28T14:00,15.0,14.0,1.0,4.6,19.0,1.0
Saul Martinez,2023-01-28 14:34:55.520593+00:00,2023-01-28T14:00,22.0,20.0,1.0,,,
Linda,2023-01-28 14:34:55.520593+00:00,2023-01-28T14:00,3.0,3.0,1.0,,,
Salton Sea Beach,2023-01-28 14:34:55.520593+00:00,2023-01-28T14:00,13.0,12.0,1.0,4.6,19.0,1.0
Glen Oaks,2023-01-28 14:34:55.520593+00:00,2023-01-28T14:00,5.0,5.0,1.0,,,
Church,2023-01-28 14:34:55.520593+00:00,2023-01-28T14:00,7.0,6.0,1.0,,,
Manse,2023-01-28 14:34:55.520593+00:00,2023-01-28T14:00,5.0,5.0,1.0,,,
Elko,2023-01-28 14:34:55.520593+00:00,2023-01-28T14:00,6.0,6.0,1.0,,,
Westmorland - 570 Cook St,2023-01-28 14:34:55.520593+00:00,2023-01-28T14:00,34.0,31.0,1.0,,,
El Centro - 9th Street,2023-01-28 14:34:55.520593+00:00,2023-01-28T14:00,48.0,44.0,1.0,18.3,64.0,2.0
Libby Courthouse,2023-01-28 14:34:55.520593+00:00,2023-01-28T14:00,1.0,1.0,1.0,3.2,13.0,1.0
Niland - English Road,2023-01-28 14:34:55.520593+00:00,2023-01-28T14:00,39.0,36.0,1.0,,,
Brawley - 220 Main Street,2023-01-28 14:34:55.520593+00:00,2023-01-28T14:00,24.0,22.0,1.0,5.9,25.0,1.0
Jean,2023-01-28 14:34:55.520593+00:00,2023-01-28T14:00,8.0,7.0,1.0,3.2,13.0,1.0
Palo Verde,2023-01-28 14:34:55.520593+00:00,2023-01-28T14:00,6.0,6.0,1.0,2.5,10.0,1.0
Thompson Falls HS,2023-01-28 14:34:55.520593+00:00,2023-01-28T14:00,12.0,11.0,1.0,4.9,20.0,1.0
Mountains Edge,2023-01-28 14:34:55.520593+00:00,2023-01-28T14:00,8.0,7.0,1.0,3.2,13.0,1.0
Walter Johnson,2023-01-28 14:34:55.520593+00:00,2023-01-28T14:00,9.0,8.0,1.0,3.9,16.0,1.0
Paul Meyer,2023-01-28 14:34:55.520593+00:00,2023-01-28T14:00,11.0,10.0,1.0,4.2,18.0,1.0
Joe Neal,2023-01-28 14:34:55.520593+00:00,2023-01-28T14:00,16.0,15.0,1.0,6.9,29.0,1.0
Liberty High School,2023-01-28 14:34:55.520593+00:00,2023-01-28T14:00,14.0,13.0,1.0,4.9,20.0,1.0
Sunrise Acres,2023-01-28 14:34:55.520593+00:00,2023-01-28T14:00,41.0,38.0,1.0,20.5,69.0,2.0
Walnut Rec.,2023-01-28 14:34:55.520593+00:00,2023-01-28T14:00,30.0,28.0,1.0,12.4,52.0,2.0
Jerome Mack,2023-01-28 14:34:55.520593+00:00,2023-01-28T14:00,36.0,33.0,1.0,17.1,62.0,2.0
GreenValley,2023-01-28 14:34:55.520593+00:00,2023-01-28T14:00,12.0,11.0,1.0,5.4,23.0,1.0
Elkford Rocky Mountain Elementary School,2023-01-28 14:34:55.520593+00:00,2023-01-28T14:00,3.0,3.0,1.0,1.4,6.0,1.0
Sparwood Centennial Square,2023-01-28 14:34:55.520593+00:00,2023-01-28T14:00,9.0,8.0,1.0,2.4,10.0,1.0
Garrett Jr. High,2023-01-28 14:34:55.520593+00:00,2023-01-28T14:00,5.0,5.0,1.0,2.1,9.0,1.0
Yuma Supersite,2023-01-28 14:34:55.520593+00:00,2023-01-28T14:00,22.0,20.0,1.0,7.7,32.0,1.0
Bullhead City,2023-01-28 14:34:55.520593+00:00,2023-01-28T14:00,9.0,8.0,1.0,,,
Kalispell Flathead Electric,2023-01-28 14:34:55.520593+00:00,2023-01-28T14:00,9.0,8.0,1.0,,,
Columbia Falls,2023-01-28 14:34:55.520593+00:00,2023-01-28T14:00,2.0,2.0,1.0,4.1,17.0,1.0
Virgin Valley,2023-01-28 14:34:55.520593+00:00,2023-01-28T14:00,6.0,6.0,1.0,1.6,7.0,1.0
Missoula Boyd Park,2023-01-28 14:34:55.520593+00:00,2023-01-28T14:00,11.0,10.0,1.0,0.0,0.0,1.0
Alamo Lake,2023-01-28 14:34:55.520593+00:00,2023-01-28T14:00,4.0,4.0,1.0,2.1,9.0,1.0
Ajo,2023-01-28 14:34:55.520593+00:00,2023-01-28T14:00,5.0,5.0,1.0,,,
Buckeye,2023-01-28 14:34:55.520593+00:00,2023-01-28T14:00,21.0,19.0,1.0,,,
Butte Greely School,2023-01-28 14:34:55.520593+00:00,2023-01-28T14:00,22.0,20.0,1.0,,,
Pocatello Garrett and Gould,2023-01-28 14:34:55.520593+00:00,2023-01-28T14:00,2.0,2.0,1.0,1.1,5.0,1.0
Dysart,2023-01-28 14:34:55.520593+00:00,2023-01-28T14:00,19.0,18.0,1.0,,,
Zuni Hills,2023-01-28 14:34:55.520593+00:00,2023-01-28T14:00,9.0,8.0,1.0,,,
Glendale Community College,2023-01-28 14:34:55.520593+00:00,2023-01-28T14:00,12.0,11.0,1.0,5.7,24.0,1.0
West 43rd,2023-01-28 14:34:55.520593+00:00,2023-01-28T14:00,61.0,54.0,2.0,,,
West Phoenix,2023-01-28 14:34:55.520593+00:00,2023-01-28T14:00,26.0,24.0,1.0,12.5,52.0,2.0
Durango Complex,2023-01-28 14:34:55.520593+00:00,2023-01-28T14:00,40.0,37.0,1.0,18.7,65.0,2.0
South Phoenix,2023-01-28 14:34:55.520593+00:00,2023-01-28T14:00,19.0,18.0,1.0,9.8,41.0,1.0
North Phoenix,2023-01-28 14:34:55.520593+00:00,2023-01-28T14:00,18.0,17.0,1.0,10.0,42.0,1.0
Maricopa,2023-01-28 14:34:55.520593+00:00,2023-01-28T14:00,16.0,15.0,1.0,,,
Central Phoenix,2023-01-28 14:34:55.520593+00:00,2023-01-28T14:00,12.0,11.0,1.0,,,
Hidden Valley,2023-01-28 14:34:55.520593+00:00,2023-01-28T14:00,60.0,53.0,2.0,,,
Herriman #3,2023-01-28 14:34:55.520593+00:00,2023-01-28T14:00,3.0,3.0,1.0,0.6,3.0,1.0
Harrisville,2023-01-28 14:34:55.520593+00:00,2023-01-28T14:00,0.0,0.0,1.0,0.2,1.0,1.0
Stanfield,2023-01-28 14:34:55.520593+00:00,2023-01-28T14:00,12.0,11.0,1.0,,,
Tempe,2023-01-28 14:34:55.520593+00:00,2023-01-28T14:00,17.0,16.0,1.0,8.6,36.0,1.0
South Scottsdale,2023-01-28 14:34:55.520593+00:00,2023-01-28T14:00,9.0,8.0,1.0,,,
West Chandler Fire Station,2023-01-28 14:34:55.520593+00:00,2023-01-28T14:00,22.0,20.0,1.0,,,
Mesa - Brooks Reservoir,2023-01-28 14:34:55.520593+00:00,2023-01-28T14:00,10.0,9.0,1.0,3.7,15.0,1.0
Senior Center,2023-01-28 14:34:55.520593+00:00,2023-01-28T14:00,6.0,6.0,1.0,,,
High School,2023-01-28 14:34:55.520593+00:00,2023-01-28T14:00,11.0,10.0,1.0,,,
LEHI,2023-01-28 14:34:55.520593+00:00,2023-01-28T14:00,6.0,6.0,1.0,,,
Casa Grande Downtown,2023-01-28 14:34:55.520593+00:00,2023-01-28T14:00,21.0,19.0,1.0,4.4,18.0,1.0
Higley,2023-01-28 14:34:55.520593+00:00,2023-01-28T14:00,11.0,10.0,1.0,,,
Lindon,2023-01-28 14:34:55.520593+00:00,2023-01-28T14:00,6.0,6.0,1.0,5.7,24.0,1.0
Ft McD Yuma Frank-AZ,2023-01-28 14:34:55.520593+00:00,2023-01-28T14:00,7.0,6.0,1.0,,,
Pinal County Housing,2023-01-28 14:34:55.520593+00:00,2023-01-28T14:00,13.0,12.0,1.0,,,
COMBS,2023-01-28 14:34:55.520593+00:00,2023-01-28T14:00,7.0,6.0,1.0,,,
Eloy,2023-01-28 14:34:55.520593+00:00,2023-01-28T14:00,16.0,15.0,1.0,,,
Apache Junction,2023-01-28 14:34:55.520593+00:00,2023-01-28T14:00,5.0,5.0,1.0,,,
Payson Well Site,2023-01-28 14:34:55.520593+00:00,2023-01-28T14:00,32.0,30.0,1.0,,,
Pinal Air Park,2023-01-28 14:34:55.520593+00:00,2023-01-28T14:00,25.0,23.0,1.0,,,
Rillito,2023-01-28 14:34:55.520593+00:00,2023-01-28T14:00,25.0,23.0,1.0,,,
Orange Grove,2023-01-28 14:34:55.520593+00:00,2023-01-28T14:00,19.0,18.0,1.0,11.0,46.0,1.0
Green Valley,2023-01-28 14:34:55.520593+00:00,2023-01-28T14:00,7.0,6.0,1.0,2.4,10.0,1.0
South Tucson,2023-01-28 14:34:55.520593+00:00,2023-01-28T14:00,27.0,25.0,1.0,,,
Geronimo,2023-01-28 14:34:55.520593+00:00,2023-01-28T14:00,23.0,21.0,1.0,5.1,21.0,1.0
Nogales Post Office,2023-01-28 14:34:55.520593+00:00,2023-01-28T14:00,48.0,44.0,1.0,18.6,65.0,2.0
Miami Golf Course,2023-01-28 14:34:55.520593+00:00,2023-01-28T14:00,16.0,15.0,1.0,,,
Corona de Tucson,2023-01-28 14:34:55.520593+00:00,2023-01-28T14:00,6.0,6.0,1.0,,,
Hayden,2023-01-28 14:34:55.520593+00:00,2023-01-28T14:00,7.0,6.0,1.0,,,
Paul Spur Chemical Lime Plant,2023-01-28 14:34:55.520593+00:00,2023-01-28T14:00,11.0,10.0,1.0,,,
Douglas Red Cross,2023-01-28 14:34:55.520593+00:00,2023-01-28T14:00,18.0,17.0,1.0,,,
Lewistown,2023-01-28 14:34:55.520593+00:00,2023-01-28T14:00,8.0,7.0,1.0,0.9,4.0,1.0
Substation,2023-01-28 14:34:55.520593+00:00,2023-01-28T14:00,5.0,5.0,1.0,,,
Ute 3,2023-01-28 14:34:55.520593+00:00,2023-01-28T14:00,5.0,5.0,1.0,3.3,14.0,1.0
Malta,2023-01-28 14:34:55.520593+00:00,2023-01-28T14:00,3.0,3.0,1.0,3.5,15.0,1.0
7E Deming Airport,2023-01-28 14:34:55.520593+00:00,2023-01-28T14:00,5.0,5.0,1.0,,,
Ute 1,2023-01-28 14:34:55.520593+00:00,2023-01-28T14:00,10.0,9.0,1.0,5.0,21.0,1.0
Holman Rd,2023-01-28 14:34:55.520593+00:00,2023-01-28T14:00,11.0,10.0,1.0,,,
South Valley,2023-01-28 14:34:55.520593+00:00,2023-01-28T14:00,55.0,51.0,2.0,,,
Jefferson,2023-01-28 14:34:55.520593+00:00,2023-01-28T14:00,44.0,41.0,1.0,15.2,58.0,2.0
North Valley,2023-01-28 14:34:55.520593+00:00,2023-01-28T14:00,38.0,35.0,1.0,19.4,66.0,2.0
Anthony,2023-01-28 14:34:55.520593+00:00,2023-01-28T14:00,24.0,22.0,1.0,5.5,23.0,1.0
Del Norte,2023-01-28 14:34:55.520593+00:00,2023-01-28T14:00,15.0,14.0,1.0,,,
Desert View,2023-01-28 14:34:55.520593+00:00,2023-01-28T14:00,32.0,30.0,1.0,,,
West Mesa,2023-01-28 14:34:55.520593+00:00,2023-01-28T14:00,12.0,11.0,1.0,,,
Tramway,2023-01-28 14:34:55.520593+00:00,2023-01-28T14:00,6.0,6.0,1.0,2.1,9.0,1.0
Chaparral,2023-01-28 14:34:55.520593+00:00,2023-01-28T14:00,20.0,19.0,1.0,,,
Socorro Hueco C49,2023-01-28 14:34:55.520593+00:00,2023-01-28T14:00,27.0,25.0,1.0,8.0,33.0,1.0
Miles City,2023-01-28 14:34:55.520593+00:00,2023-01-28T14:00,3.0,3.0,1.0,4.4,18.0,1.0
Broadus,2023-01-28 14:34:55.520593+00:00,2023-01-28T14:00,16.0,15.0,1.0,1.0,4.0,1.0
La Casa NCORE - 4545 Navajo St.,2023-01-28 14:34:55.520593+00:00,2023-01-28T14:00,9.0,8.0,1.0,4.7,20.0,1.0
Denver Swansea Elementary School,2023-01-28 14:34:55.520593+00:00,2023-01-28T14:00,6.0,6.0,1.0,,,
Welby - 78th Ave. & Steele St.,2023-01-28 14:34:55.520593+00:00,2023-01-28T14:00,7.0,6.0,1.0,,,
Denver - NJH - 14th Ave. & Albion St.,2023-01-28 14:34:55.520593+00:00,2023-01-28T14:00,7.0,6.0,1.0,2.6,11.0,1.0
Sidney 201,2023-01-28 14:34:55.520593+00:00,2023-01-28T14:00,1.0,1.0,1.0,2.9,12.0,1.0
WIND CAVE,2023-01-28 14:34:55.520593+00:00,2023-01-28T14:00,0.0,0.0,1.0,0.0,0.0,1.0
Black Hawk,2023-01-28 14:34:55.520593+00:00,2023-01-28T14:00,1.0,1.0,1.0,,,
Credit Union,2023-01-28 14:34:55.520593+00:00,2023-01-28T14:00,7.0,6.0,1.0,4.3,18.0,1.0
Lake Ilo,2023-01-28 14:34:55.520593+00:00,2023-01-28T14:00,0.0,0.0,1.0,1.5,6.0,1.0
Badlands,2023-01-28 14:34:55.520593+00:00,2023-01-28T14:00,6.0,6.0,1.0,1.0,4.0,1.0
Goodland,2023-01-28 14:34:55.520593+00:00,2023-01-28T14:00,4.0,4.0,1.0,,,
Estación CICEG,2023-01-28 14:34:55.520593+00:00,2023-01-28T14:00,55.0,51.0,2.0,20.4,68.0,2.0
Estación Hospital General,2023-01-28 14:34:55.520593+00:00,2023-01-28T14:00,94.0,70.0,2.0,,,
Estación Secundaria,2023-01-28 14:34:55.520593+00:00,2023-01-28T14:00,58.0,52.0,2.0,,,
Estación Bomberos,2023-01-28 14:34:55.520593+00:00,2023-01-28T14:00,63.0,55.0,2.0,37.1,105.0,3.0
Estación Teódula,2023-01-28 14:34:55.520593+00:00,2023-01-28T14:00,58.0,52.0,2.0,22.5,73.0,2.0
Estación DIF,2023-01-28 14:34:55.520593+00:00,2023-01-28T14:00,57.0,52.0,2.0,20.8,69.0,2.0
Estación Cruz Roja,2023-01-28 14:34:55.520593+00:00,2023-01-28T14:00,29.0,27.0,1.0,,,
Estación Nativitas,2023-01-28 14:34:55.520593+00:00,2023-01-28T14:00,79.0,63.0,2.0,,,
Estación San Juanico,2023-01-28 14:34:55.520593+00:00,2023-01-28T14:00,36.0,33.0,1.0,32.2,93.0,2.0
Estación Seguridad Pública,2023-01-28 14:34:55.520593+00:00,2023-01-28T14:00,35.0,32.0,1.0,,,
Estación Tecnológico,2023-01-28 14:34:55.520593+00:00,2023-01-28T14:00,43.0,40.0,1.0,,,
Dodge City,2023-01-28 14:34:55.520593+00:00,2023-01-28T14:00,6.0,6.0,1.0,,,
Cedar Bluff,2023-01-28 14:34:55.520593+00:00,2023-01-28T14:00,11.0,10.0,1.0,6.8,28.0,1.0
Seiling,2023-01-28 14:34:55.520593+00:00,2023-01-28T14:00,7.0,6.0,1.0,3.8,16.0,1.0
Aberdeen,2023-01-28 14:34:55.520593+00:00,2023-01-28T14:00,4.0,4.0,1.0,2.8,12.0,1.0
Lawton North,2023-01-28 14:34:55.520593+00:00,2023-01-28T14:00,7.0,6.0,1.0,4.5,19.0,1.0
Near Road OKC,2023-01-28 14:34:55.520593+00:00,2023-01-28T14:00,11.0,10.0,1.0,6.2,26.0,1.0
Moore,2023-01-28 14:34:55.520593+00:00,2023-01-28T14:00,12.0,11.0,1.0,7.4,31.0,1.0
North OKC,2023-01-28 14:34:55.520593+00:00,2023-01-28T14:00,10.0,9.0,1.0,5.3,22.0,1.0
PECK,2023-01-28 14:34:55.520593+00:00,2023-01-28T14:00,10.0,9.0,1.0,5.2,22.0,1.0
WHlthDpt,2023-01-28 14:34:55.520593+00:00,2023-01-28T14:00,11.0,10.0,1.0,5.9,25.0,1.0
Watertown,2023-01-28 14:34:55.520593+00:00,2023-01-28T14:00,5.0,5.0,1.0,4.0,17.0,1.0
Ponca City,2023-01-28 14:34:55.520593+00:00,2023-01-28T14:00,11.0,10.0,1.0,6.4,27.0,1.0
Research Farm,2023-01-28 14:34:55.520593+00:00,2023-01-28T14:00,5.0,5.0,1.0,2.2,9.0,1.0
SF-USD,2023-01-28 14:34:55.520593+00:00,2023-01-28T14:00,4.0,4.0,1.0,0.0,0.0,1.0
WWTP BAM,2023-01-28 14:34:55.520593+00:00,2023-01-28T14:00,8.0,7.0,1.0,,,
Glenpool,2023-01-28 14:34:55.520593+00:00,2023-01-28T14:00,10.0,9.0,1.0,6.5,27.0,1.0
Tulsa,2023-01-28 14:34:55.520593+00:00,2023-01-28T14:00,13.0,12.0,1.0,6.8,28.0,1.0
NCORE,2023-01-28 14:34:55.520593+00:00,2023-01-28T14:00,5.0,5.0,1.0,1.3,5.0,1.0
McAlester,2023-01-28 14:34:55.520593+00:00,2023-01-28T14:00,17.0,16.0,1.0,12.0,50.0,1.0
KNI-Topeka,2023-01-28 14:34:55.520593+00:00,2023-01-28T14:00,12.0,11.0,1.0,7.1,30.0,1.0
Union,2023-01-28 14:34:55.520593+00:00,2023-01-28T14:00,14.0,13.0,1.0,8.8,37.0,1.0
Chanute,2023-01-28 14:34:55.520593+00:00,2023-01-28T14:00,23.0,21.0,1.0,8.2,34.0,1.0
St. Joseph,2023-01-28 14:34:55.520593+00:00,2023-01-28T14:00,10.0,9.0,1.0,5.6,23.0,1.0
Heritage Park,2023-01-28 14:34:55.520593+00:00,2023-01-28T14:00,13.0,12.0,1.0,4.9,20.0,1.0
STILWELL CASTNET & NCORE,2023-01-28 14:34:55.520593+00:00,2023-01-28T14:00,9.0,8.0,1.0,6.0,25.0,1.0
WY/KC,2023-01-28 14:34:55.520593+00:00,2023-01-28T14:00,13.0,12.0,1.0,7.0,29.0,1.0
Troost,2023-01-28 14:34:55.520593+00:00,2023-01-28T14:00,16.0,15.0,1.0,8.3,35.0,1.0
Front Street,2023-01-28 14:34:55.520593+00:00,2023-01-28T14:00,9.0,8.0,1.0,,,
Carthage,2023-01-28 14:34:55.520593+00:00,2023-01-28T14:00,8.0,7.0,1.0,8.5,35.0,1.0
Hillcrest HS,2023-01-28 14:34:55.520593+00:00,2023-01-28T14:00,10.0,9.0,1.0,4.2,18.0,1.0
Minneapolis-Pacific St,2023-01-28 14:34:55.520593+00:00,2023-01-28T14:00,8.0,7.0,1.0,,,
Minneapolis-Lowry Ave,2023-01-28 14:34:55.520593+00:00,2023-01-28T14:00,0.0,0.0,1.0,,,
Minneapolis - Bottineau/Marshall Terrace,2023-01-28 14:34:55.520593+00:00,2023-01-28T14:00,7.0,6.0,1.0,,,
Blaine,2023-01-28 14:34:55.520593+00:00,2023-01-28T14:00,3.0,3.0,1.0,0.3,1.0,1.0
St. Paul - Downtown,2023-01-28 14:34:55.520593+00:00,2023-01-28T14:00,11.0,10.0,1.0,,,
Mark Twain SP,2023-01-28 14:34:55.520593+00:00,2023-01-28T14:00,5.0,5.0,1.0,,,
Eau Claire,2023-01-28 14:34:55.520593+00:00,2023-01-28T14:00,7.0,6.0,1.0,4.9,20.0,1.0
Buffalo,2023-01-28 14:34:55.520593+00:00,2023-01-28T14:00,13.0,12.0,1.0,,,
Arnold West,2023-01-28 14:34:55.520593+00:00,2023-01-28T14:00,9.0,8.0,1.0,4.0,17.0,1.0
Blair Street,2023-01-28 14:34:55.520593+00:00,2023-01-28T14:00,15.0,14.0,1.0,17.8,63.0,2.0
Branch Street,2023-01-28 14:34:55.520593+00:00,2023-01-28T14:00,25.0,23.0,1.0,7.5,31.0,1.0
Jackson NCORE,2023-01-28 14:34:55.520593+00:00,2023-01-28T14:00,10.0,9.0,1.0,6.3,26.0,1.0
Devils Lake,2023-01-28 14:34:55.520593+00:00,2023-01-28T14:00,9.0,8.0,1.0,6.6,28.0,1.0
Madison University Ave,2023-01-28 14:34:55.520593+00:00,2023-01-28T14:00,21.0,19.0,1.0,7.2,30.0,1.0
Horicon Wildlife Area,2023-01-28 14:34:55.520593+00:00,2023-01-28T14:00,8.0,7.0,1.0,6.1,25.0,1.0
WAUKESHA - CLEVELAND AVE,2023-01-28 14:34:55.520593+00:00,2023-01-28T14:00,15.0,14.0,1.0,8.0,33.0,1.0
MILWAUKEE COLLEGE AVE.-NR,2023-01-28 14:34:55.520593+00:00,2023-01-28T14:00,46.0,43.0,1.0,10.9,45.0,1.0
Evansville-Buena Vista,2023-01-28 14:34:55.520593+00:00,2023-01-28T14:00,9.0,8.0,1.0,4.6,19.0,1.0
Gary-IITRI,2023-01-28 14:34:55.520593+00:00,2023-01-28T14:00,11.0,10.0,1.0,,,
Ellyson Industrial Park,2023-01-28 14:34:55.520593+00:00,2023-01-28T14:00,18.0,17.0,1.0,12.7,52.0,2.0
Portage-Hwy 12,2023-01-28 14:34:55.520593+00:00,2023-01-28T14:00,11.0,10.0,1.0,,,
WYLAM,2023-01-28 14:34:55.520593+00:00,2023-01-28T14:00,11.0,10.0,1.0,9.5,40.0,1.0
NO. BHAM,2023-01-28 14:34:55.520593+00:00,2023-01-28T14:00,32.0,30.0,1.0,18.7,65.0,2.0
Shuttlesworth,2023-01-28 14:34:55.520593+00:00,2023-01-28T14:00,21.0,19.0,1.0,12.6,52.0,2.0
LEEDS,2023-01-28 14:34:55.520593+00:00,2023-01-28T14:00,13.0,12.0,1.0,8.8,37.0,1.0
Indpls-Washington Park,2023-01-28 14:34:55.520593+00:00,2023-01-28T14:00,14.0,13.0,1.0,12.3,51.0,2.0
WATSON,2023-01-28 14:34:55.520593+00:00,2023-01-28T14:00,13.0,12.0,1.0,4.1,17.0,1.0
JENISON,2023-01-28 14:34:55.520593+00:00,2023-01-28T14:00,14.0,13.0,1.0,10.1,42.0,1.0
Algonquin Parkway,2023-01-28 14:34:55.520593+00:00,2023-01-28T14:00,22.0,20.0,1.0,5.5,23.0,1.0
Near Road,2023-01-28 14:34:55.520593+00:00,2023-01-28T14:00,14.0,13.0,1.0,4.8,20.0,1.0
GRAND RAPIDS,2023-01-28 14:34:55.520593+00:00,2023-01-28T14:00,15.0,14.0,1.0,10.3,43.0,1.0
Cannons Lane,2023-01-28 14:34:55.520593+00:00,2023-01-28T14:00,8.0,7.0,1.0,4.3,18.0,1.0
Carrithers Middle School,2023-01-28 14:34:55.520593+00:00,2023-01-28T14:00,6.0,6.0,1.0,3.4,14.0,1.0
Rossville-Williams St,2023-01-28 14:34:55.520593+00:00,2023-01-28T14:00,28.0,26.0,1.0,15.1,57.0,2.0
Columbus Airport,2023-01-28 14:34:55.520593+00:00,2023-01-28T14:00,16.0,15.0,1.0,12.3,51.0,2.0
Taft NCore PAMS,2023-01-28 14:34:55.520593+00:00,2023-01-28T14:00,10.0,9.0,1.0,5.3,22.0,1.0
South DeKalb,2023-01-28 14:34:55.520593+00:00,2023-01-28T14:00,17.0,16.0,1.0,12.1,51.0,2.0
Albany,2023-01-28 14:34:55.520593+00:00,2023-01-28T14:00,25.0,23.0,1.0,14.7,56.0,2.0
Gwinnett Tech,2023-01-28 14:34:55.520593+00:00,2023-01-28T14:00,21.0,19.0,1.0,15.0,57.0,2.0
Gainesville,2023-01-28 14:34:55.520593+00:00,2023-01-28T14:00,17.0,16.0,1.0,12.4,52.0,2.0
Warner Robins,2023-01-28 14:34:55.520593+00:00,2023-01-28T14:00,17.0,16.0,1.0,12.5,52.0,2.0
Macon Forestry,2023-01-28 14:34:55.520593+00:00,2023-01-28T14:00,12.0,11.0,1.0,8.1,34.0,1.0
Athens,2023-01-28 14:34:55.520593+00:00,2023-01-28T14:00,19.0,18.0,1.0,14.5,56.0,2.0
Sandersville,2023-01-28 14:34:55.520593+00:00,2023-01-28T14:00,53.0,49.0,1.0,17.0,61.0,2.0
Paw Park,2023-01-28 14:34:55.520593+00:00,2023-01-28T14:00,10.0,9.0,1.0,,,
DAVIS ISLAND,2023-01-28 14:34:55.520593+00:00,2023-01-28T14:00,23.0,21.0,1.0,,,
Greenville-ESC,2023-01-28 14:34:55.520593+00:00,2023-01-28T14:00,12.0,11.0,1.0,8.2,34.0,1.0
GARDINIER,2023-01-28 14:34:55.520593+00:00,2023-01-28T14:00,13.0,12.0,1.0,,,
Augusta,2023-01-28 14:34:55.520593+00:00,2023-01-28T14:00,18.0,17.0,1.0,11.4,48.0,1.0
Fl. Baptist Children's Home,2023-01-28 14:34:55.520593+00:00,2023-01-28T14:00,10.0,9.0,1.0,6.2,26.0,1.0
GT Craig NCore PAMS,2023-01-28 14:34:55.520593+00:00,2023-01-28T14:00,10.0,9.0,1.0,,,
Palatka,2023-01-28 14:34:55.520593+00:00,2023-01-28T14:00,11.0,10.0,1.0,,,
Kooker Park,2023-01-28 14:34:55.520593+00:00,2023-01-28T14:00,18.0,17.0,1.0,11.8,49.0,1.0
Mandarin,2023-01-28 14:34:55.520593+00:00,2023-01-28T14:00,13.0,12.0,1.0,9.8,41.0,1.0
Brunswick,2023-01-28 14:34:55.520593+00:00,2023-01-28T14:00,14.0,13.0,1.0,10.3,43.0,1.0
Seminole Community College (AG COMP),2023-01-28 14:34:55.520593+00:00,2023-01-28T14:00,9.0,8.0,1.0,5.1,21.0,1.0
Savannah L&A,2023-01-28 14:34:55.520593+00:00,2023-01-28T14:00,49.0,45.0,1.0,22.7,73.0,2.0
Cayce City Hall,2023-01-28 14:34:55.520593+00:00,2023-01-28T14:00,11.0,10.0,1.0,,,
Blind Services; 1185-A Dunn Ave,2023-01-28 14:34:55.520593+00:00,2023-01-28T14:00,11.0,10.0,1.0,6.2,26.0,1.0
Ramblewood Park,2023-01-28 14:34:55.520593+00:00,2023-01-28T14:00,9.0,8.0,1.0,,,
GARINGER,2023-01-28 14:34:55.520593+00:00,2023-01-28T14:00,7.0,6.0,1.0,5.2,22.0,1.0
Melbourne,2023-01-28 14:34:55.520593+00:00,2023-01-28T14:00,11.0,10.0,1.0,5.4,23.0,1.0
Stuart,2023-01-28 14:34:55.520593+00:00,2023-01-28T14:00,12.0,11.0,1.0,5.0,21.0,1.0
HATTIEAVEN,2023-01-28 14:34:55.520593+00:00,2023-01-28T14:00,13.0,12.0,1.0,9.3,39.0,1.0
Delray Beach,2023-01-28 14:34:55.520593+00:00,2023-01-28T14:00,12.0,11.0,1.0,5.5,23.0,1.0
Jenkins Avenue,2023-01-28 14:34:55.520593+00:00,2023-01-28T14:00,15.0,14.0,1.0,,,
MENDNHAL,2023-01-28 14:34:55.520593+00:00,2023-01-28T14:00,9.0,8.0,1.0,2.5,10.0,1.0
W OWEN SCH,2023-01-28 14:34:55.520593+00:00,2023-01-28T14:00,18.0,17.0,1.0,9.7,40.0,1.0
Durham Armory,2023-01-28 14:34:55.520593+00:00,2023-01-28T14:00,11.0,10.0,1.0,6.0,25.0,1.0
Burdens Creek,2023-01-28 14:34:55.520593+00:00,2023-01-28T14:00,11.0,10.0,1.0,7.1,30.0,1.0
Millbrook NCore,2023-01-28 14:34:55.520593+00:00,2023-01-28T14:00,12.0,11.0,1.0,7.3,30.0,1.0
LESTER BUILDING SYSTEMS  NEAR REST,2023-01-28 14:34:55.520593+00:00,2023-01-28T14:00,12.0,11.0,1.0,6.3,26.0,1.0
CASTLE H,2023-01-28 14:34:55.520593+00:00,2023-01-28T14:00,11.0,10.0,1.0,,,
MATH & SCIENCE CTR,2023-01-28 14:34:55.520593+00:00,2023-01-28T14:00,9.0,8.0,1.0,5.2,22.0,1.0
FRANCONIA,2023-01-28 14:34:55.520593+00:00,2023-01-28T14:00,7.0,6.0,1.0,5.1,21.0,1.0
McMillan Reservoir,2023-01-28 14:34:55.520593+00:00,2023-01-28T14:00,10.0,9.0,1.0,6.9,29.0,1.0
HAMPTON,2023-01-28 14:34:55.520593+00:00,2023-01-28T14:00,9.0,8.0,1.0,5.1,21.0,1.0
Tidewater Regional Office,2023-01-28 14:34:55.520593+00:00,2023-01-28T14:00,8.0,7.0,1.0,5.6,23.0,1.0
Princess Anne,2023-01-28 14:34:55.520593+00:00,2023-01-28T14:00,8.0,7.0,1.0,4.9,20.0,1.0
Pocomoke City,2023-01-28 14:34:55.520593+00:00,2023-01-28T14:00,7.0,6.0,1.0,4.7,20.0,1.0
NEW,2023-01-28 14:34:55.520593+00:00,2023-01-28T14:00,17.0,16.0,1.0,9.3,39.0,1.0
Bronx - IS52,2023-01-28 14:34:55.520593+00:00,2023-01-28T14:00,10.0,9.0,1.0,6.5,27.0,1.0
Danbury,2023-01-28 14:34:55.520593+00:00,2023-01-28T14:00,9.0,8.0,1.0,6.1,25.0,1.0
Cornwall,2023-01-28 14:34:55.520593+00:00,2023-01-28T14:00,10.0,9.0,1.0,5.2,22.0,1.0
Bridgeport,2023-01-28 14:34:55.520593+00:00,2023-01-28T14:00,15.0,14.0,1.0,6.8,28.0,1.0
Waterbury,2023-01-28 14:34:55.520593+00:00,2023-01-28T14:00,11.0,10.0,1.0,6.8,28.0,1.0
New Haven,2023-01-28 14:34:55.520593+00:00,2023-01-28T14:00,12.0,11.0,1.0,6.3,26.0,1.0
Hartford,2023-01-28 14:34:55.520593+00:00,2023-01-28T14:00,15.0,14.0,1.0,8.1,34.0,1.0
East Hartford,2023-01-28 14:34:55.520593+00:00,2023-01-28T14:00,12.0,11.0,1.0,7.0,29.0,1.0
WARE,2023-01-28 14:34:55.520593+00:00,2023-01-28T14:00,11.0,10.0,1.0,8.0,33.0,1.0
Groton,2023-01-28 14:34:55.520593+00:00,2023-01-28T14:00,12.0,11.0,1.0,6.3,26.0,1.0
Miller State Park,2023-01-28 14:34:55.520593+00:00,2023-01-28T14:00,10.0,9.0,1.0,8.1,34.0,1.0
Londonderry - Moose Hill,2023-01-28 14:34:55.520593+00:00,2023-01-28T14:00,15.0,14.0,1.0,11.4,48.0,1.0
Boston - Roxbury,2023-01-28 14:34:55.520593+00:00,2023-01-28T14:00,16.0,15.0,1.0,8.4,35.0,1.0
Portsmouth,2023-01-28 14:34:55.520593+00:00,2023-01-28T14:00,13.0,12.0,1.0,10.1,42.0,1.0
Madawaska PSB,2023-01-28 14:34:55.520593+00:00,2023-01-28T14:00,10.0,9.0,1.0,9.8,41.0,1.0
Acadia NP - McFarland,2023-01-28 14:34:55.520593+00:00,2023-01-28T14:00,6.0,6.0,1.0,3.6,15.0,1.0
SAND ISLAND 2 - ANUENUE FISHERIES,2023-01-28 14:34:55.520593+00:00,2023-01-28T14:00,,,,1.9,8.0,1.0
KAHULUI,2023-01-28 14:34:55.520593+00:00,2023-01-28T14:00,,,,0.6,3.0,1.0
Kailua-Kona,2023-01-28 14:34:55.520593+00:00,2023-01-28T14:00,,,,7.2,30.0,1.0
Kona,2023-01-28 14:34:55.520593+00:00,2023-01-28T14:00,,,,10.6,44.0,1.0
Waikoloa-21,2023-01-28 14:34:55.520593+00:00,2023-01-28T14:00,,,,1.7,7.0,1.0
Ocean View,2023-01-28 14:34:55.520593+00:00,2023-01-28T14:00,,,,7.1,30.0,1.0
Naalehu,2023-01-28 14:34:55.520593+00:00,2023-01-28T14:00,,,,2.0,8.0,1.0
Pahala,2023-01-28 14:34:55.520593+00:00,2023-01-28T14:00,,,,3.7,15.0,1.0
Hilo,2023-01-28 14:34:55.520593+00:00,2023-01-28T14:00,,,,1.4,6.0,1.0
Mountain View,2023-01-28 14:34:55.520593+00:00,2023-01-28T14:00,,,,1.0,4.0,1.0
KS Hawaii,2023-01-28 14:34:55.520593+00:00,2023-01-28T14:00,,,,2.0,8.0,1.0
A Street,2023-01-28 14:34:55.520593+00:00,2023-01-28T14:00,,,,6.4,27.0,1.0
Hurst Road,2023-01-28 14:34:55.520593+00:00,2023-01-28T14:00,,,,0.0,0.0,1.0
Whitehorse NAPS,2023-01-28 14:34:55.520593+00:00,2023-01-28T14:00,,,,9.6,40.0,1.0
Kitimat Haul Road,2023-01-28 14:34:55.520593+00:00,2023-01-28T14:00,,,,2.8,12.0,1.0
Kitimat Haisla Village,2023-01-28 14:34:55.520593+00:00,2023-01-28T14:00,,,,3.7,15.0,1.0
KITIMAT WHITESAIL,2023-01-28 14:34:55.520593+00:00,2023-01-28T14:00,,,,2.2,9.0,1.0
TERRACE SKEENA MIDDLE SCHOOL,2023-01-28 14:34:55.520593+00:00,2023-01-28T14:00,,,,1.5,6.0,1.0
Smithers Muheim Memorial,2023-01-28 14:34:55.520593+00:00,2023-01-28T14:00,,,,1.0,4.0,1.0
Courtenay Elementary School,2023-01-28 14:34:55.520593+00:00,2023-01-28T14:00,,,,9.3,39.0,1.0
Port Alberni Elementary,2023-01-28 14:34:55.520593+00:00,2023-01-28T14:00,,,,10.2,43.0,1.0
Neah Bay 2-Makah Tribe,2023-01-28 14:34:55.520593+00:00,2023-01-28T14:00,,,,4.0,17.0,1.0
Powell River James T,2023-01-28 14:34:55.520593+00:00,2023-01-28T14:00,,,,0.7,3.0,1.0
Coos Bay Marshfield HS,2023-01-28 14:34:55.520593+00:00,2023-01-28T14:00,,,,6.4,27.0,1.0
Crescent City,2023-01-28 14:34:55.520593+00:00,2023-01-28T14:00,,,,7.2,30.0,1.0
Florence-Department of Forestry,2023-01-28 14:34:55.520593+00:00,2023-01-28T14:00,,,,2.2,9.0,1.0
Nanaimo Labieux Road,2023-01-28 14:34:55.520593+00:00,2023-01-28T14:00,,,,0.6,3.0,1.0
Toledo NE Hwy20 & NW A St,2023-01-28 14:34:55.520593+00:00,2023-01-28T14:00,,,,3.7,15.0,1.0
Aberdeen-Division St,2023-01-28 14:34:55.520593+00:00,2023-01-28T14:00,,,,3.8,16.0,1.0
Tillamook Jr High School,2023-01-28 14:34:55.520593+00:00,2023-01-28T14:00,,,,2.1,9.0,1.0
Duncan College Street,2023-01-28 14:34:55.520593+00:00,2023-01-28T14:00,,,,9.3,39.0,1.0
MMCA82062,2023-01-28 14:34:55.520593+00:00,2023-01-28T14:00,,,,4.3,18.0,1.0
Cave Junction Forest Service,2023-01-28 14:34:55.520593+00:00,2023-01-28T14:00,,,,19.1,66.0,2.0
MMCA81046,2023-01-28 14:34:55.520593+00:00,2023-01-28T14:00,,,,4.2,18.0,1.0
Colwood City Hall,2023-01-28 14:34:55.520593+00:00,2023-01-28T14:00,,,,3.6,15.0,1.0
Langdale Elementary,2023-01-28 14:34:55.520593+00:00,2023-01-28T14:00,,,,3.6,15.0,1.0
Port Angeles-E 5th St,2023-01-28 14:34:55.520593+00:00,2023-01-28T14:00,,,,6.1,25.0,1.0
MMCA82001,2023-01-28 14:34:55.520593+00:00,2023-01-28T14:00,,,,25.8,80.0,2.0
Roseburg Fire Dept,2023-01-28 14:34:55.520593+00:00,2023-01-28T14:00,,,,16.1,59.0,2.0
Victoria Topaz,2023-01-28 14:34:55.520593+00:00,2023-01-28T14:00,,,,2.5,10.0,1.0
Willits Blosser Lane,2023-01-28 14:34:55.520593+00:00,2023-01-28T14:00,,,,21.4,71.0,2.0
Grants Pass - Parkside School,2023-01-28 14:34:55.520593+00:00,2023-01-28T14:00,,,,9.6,40.0,1.0
Dallas LaCreole Middle School,2023-01-28 14:34:55.520593+00:00,2023-01-28T14:00,,,,3.6,15.0,1.0
Horseshoe Bay,2023-01-28 14:34:55.520593+00:00,2023-01-28T14:00,,,,1.7,7.0,1.0
Ukiah Library,2023-01-28 14:34:55.520593+00:00,2023-01-28T14:00,,,,6.9,29.0,1.0
McMinnville High School,2023-01-28 14:34:55.520593+00:00,2023-01-28T14:00,,,,3.6,15.0,1.0
SQUAMISH ELEMENTARY,2023-01-28 14:34:55.520593+00:00,2023-01-28T14:00,,,,3.6,15.0,1.0
Eugene - Highway 99,2023-01-28 14:34:55.520593+00:00,2023-01-28T14:00,,,,1.6,7.0,1.0
Eugene - Wilkes Dr.,2023-01-28 14:34:55.520593+00:00,2023-01-28T14:00,,,,0.5,2.0,1.0
Richmond South,2023-01-28 14:34:55.520593+00:00,2023-01-28T14:00,,,,1.7,7.0,1.0
Forest Grove Pacific University,2023-01-28 14:34:55.520593+00:00,2023-01-28T14:00,,,,4.4,18.0,1.0
Shelton-W Franklin,2023-01-28 14:34:55.520593+00:00,2023-01-28T14:00,,,,5.1,21.0,1.0
Albany - Calapooia School,2023-01-28 14:34:55.520593+00:00,2023-01-28T14:00,,,,2.2,9.0,1.0
Eugene - Amazon Park,2023-01-28 14:34:55.520593+00:00,2023-01-28T14:00,,,,2.3,10.0,1.0
Mahon Park,2023-01-28 14:34:55.520593+00:00,2023-01-28T14:00,,,,0.6,3.0,1.0
Tsawwassen,2023-01-28 14:34:55.520593+00:00,2023-01-28T14:00,,,,3.5,15.0,1.0
Cottage Grove City Shops,2023-01-28 14:34:55.520593+00:00,2023-01-28T14:00,,,,1.5,6.0,1.0
Second Narrows,2023-01-28 14:34:55.520593+00:00,2023-01-28T14:00,,,,0.8,3.0,1.0
Springfield City Hall,2023-01-28 14:34:55.520593+00:00,2023-01-28T14:00,,,,0.8,3.0,1.0
Salem - State Hospital,2023-01-28 14:34:55.520593+00:00,2023-01-28T14:00,,,,3.7,15.0,1.0
Salem Chemeketa Community College,2023-01-28 14:34:55.520593+00:00,2023-01-28T14:00,,,,3.9,16.0,1.0
Hillsboro - Hare Field,2023-01-28 14:34:55.520593+00:00,2023-01-28T14:00,,,,7.2,30.0,1.0
Chehalis-Market Blvd,2023-01-28 14:34:55.520593+00:00,2023-01-28T14:00,,,,2.7,11.0,1.0
Longview-30th Ave,2023-01-28 14:34:55.520593+00:00,2023-01-28T14:00,,,,3.4,14.0,1.0
Whistler Meadow Park,2023-01-28 14:34:55.520593+00:00,2023-01-28T14:00,,,,2.8,12.0,1.0
Weaverville,2023-01-28 14:34:55.520593+00:00,2023-01-28T14:00,,,,14.9,57.0,2.0
Turner - CJHS,2023-01-28 14:34:55.520593+00:00,2023-01-28T14:00,,,,2.6,11.0,1.0
North Delta,2023-01-28 14:34:55.520593+00:00,2023-01-28T14:00,,,,3.2,13.0,1.0
Medford Welch & Jackson,2023-01-28 14:34:55.520593+00:00,2023-01-28T14:00,,,,8.7,36.0,1.0
Woodburn Chemeketa Community College,2023-01-28 14:34:55.520593+00:00,2023-01-28T14:00,,,,3.3,14.0,1.0
Rocky Point Park,2023-01-28 14:34:55.520593+00:00,2023-01-28T14:00,,,,1.5,6.0,1.0
Lacey-College St,2023-01-28 14:34:55.520593+00:00,2023-01-28T14:00,,,,3.1,13.0,1.0
Sebastopol,2023-01-28 14:34:55.520593+00:00,2023-01-28T14:00,,,,15.8,59.0,2.0
Beaverton - Highland Park School,2023-01-28 14:34:55.520593+00:00,2023-01-28T14:00,,,,6.0,25.0,1.0
Shady Cove - Shady Cove School,2023-01-28 14:34:55.520593+00:00,2023-01-28T14:00,,,,2.1,9.0,1.0
Silverton,2023-01-28 14:34:55.520593+00:00,2023-01-28T14:00,,,,2.4,10.0,1.0
Talent - Rapp Lane,2023-01-28 14:34:55.520593+00:00,2023-01-28T14:00,,,,3.7,15.0,1.0
Port Townsend-San Juan,2023-01-28 14:34:55.520593+00:00,2023-01-28T14:00,,,,6.6,28.0,1.0
Portland - Sauvie Island,2023-01-28 14:34:55.520593+00:00,2023-01-28T14:00,,,,3.6,15.0,1.0
Portland Near Road,2023-01-28 14:34:55.520593+00:00,2023-01-28T14:00,,,,3.3,14.0,1.0
Roosevelt High School,2023-01-28 14:34:55.520593+00:00,2023-01-28T14:00,,,,3.5,15.0,1.0
Sweet Home - Fire Department,2023-01-28 14:34:55.520593+00:00,2023-01-28T14:00,,,,8.3,35.0,1.0
Pitt Meadows,2023-01-28 14:34:55.520593+00:00,2023-01-28T14:00,,,,0.5,2.0,1.0
Ashland Fire Dept,2023-01-28 14:34:55.520593+00:00,2023-01-28T14:00,,,,5.5,23.0,1.0
Surrey East,2023-01-28 14:34:55.520593+00:00,2023-01-28T14:00,,,,0.9,4.0,1.0
Portland Lincoln High School,2023-01-28 14:34:55.520593+00:00,2023-01-28T14:00,,,,2.6,11.0,1.0
Portland Humboldt School,2023-01-28 14:34:55.520593+00:00,2023-01-28T14:00,,,,3.3,14.0,1.0
Oak Harbor-SW 6th (US),2023-01-28 14:34:55.520593+00:00,2023-01-28T14:00,,,,3.0,13.0,1.0
Portland SE 12th and Salmon,2023-01-28 14:34:55.520593+00:00,2023-01-28T14:00,,,,2.4,10.0,1.0
Yreka,2023-01-28 14:34:55.520593+00:00,2023-01-28T14:00,,,,7.6,32.0,1.0
Bremerton-Spruce Ave,2023-01-28 14:34:55.520593+00:00,2023-01-28T14:00,,,,5.2,22.0,1.0
Lyons,2023-01-28 14:34:55.520593+00:00,2023-01-28T14:00,,,,1.6,7.0,1.0
Anacortes-202 Ave (SO-AQS),2023-01-28 14:34:55.520593+00:00,2023-01-28T14:00,,,,7.6,32.0,1.0
Portland - SE Lafayette,2023-01-28 14:34:55.520593+00:00,2023-01-28T14:00,,,,2.9,12.0,1.0
Portland Lane Middle School,2023-01-28 14:34:55.520593+00:00,2023-01-28T14:00,,,,2.8,12.0,1.0
Portland - Spangler Road,2023-01-28 14:34:55.520593+00:00,2023-01-28T14:00,,,,2.7,11.0,1.0
Vancouver-NE 84th Ave,2023-01-28 14:34:55.520593+00:00,2023-01-28T14:00,,,,4.5,19.0,1.0
Portland McDaniel High School,2023-01-28 14:34:55.520593+00:00,2023-01-28T14:00,,,,4.5,19.0,1.0
Portland Cully Helensview School,2023-01-28 14:34:55.520593+00:00,2023-01-28T14:00,,,,3.6,15.0,1.0
Anacortes-Bartholomew Rd (US),2023-01-28 14:34:55.520593+00:00,2023-01-28T14:00,,,,7.8,33.0,1.0
Custer-Loomis (SO-AQS),2023-01-28 14:34:55.520593+00:00,2023-01-28T14:00,,,,0.0,0.0,1.0
San Rafael,2023-01-28 14:34:55.520593+00:00,2023-01-28T14:00,,,,4.8,20.0,1.0
Vancouver-Blairmont Dr (SO),2023-01-28 14:34:55.520593+00:00,2023-01-28T14:00,,,,5.6,23.0,1.0
Gresham Centennial HS,2023-01-28 14:34:55.520593+00:00,2023-01-28T14:00,,,,3.0,13.0,1.0
Oakridge - Willamette Activity Center,2023-01-28 14:34:55.520593+00:00,2023-01-28T14:00,,,,2.7,11.0,1.0
Mill City,2023-01-28 14:34:55.520593+00:00,2023-01-28T14:00,,,,4.0,17.0,1.0
Tacoma-S 36th St,2023-01-28 14:34:55.520593+00:00,2023-01-28T14:00,,,,7.6,32.0,1.0
Bellingham Pacific,2023-01-28 14:34:55.520593+00:00,2023-01-28T14:00,,,,6.9,29.0,1.0
Tacoma-L St,2023-01-28 14:34:55.520593+00:00,2023-01-28T14:00,,,,9.5,40.0,1.0
Yacolt-Yacolt Rd,2023-01-28 14:34:55.520593+00:00,2023-01-28T14:00,,,,2.8,12.0,1.0
San Francisco,2023-01-28 14:34:55.520593+00:00,2023-01-28T14:00,,,,8.9,37.0,1.0
Tacoma-Alexander Ave,2023-01-28 14:34:55.520593+00:00,2023-01-28T14:00,,,,6.9,29.0,1.0
Redding,2023-01-28 14:34:55.520593+00:00,2023-01-28T14:00,,,,2.5,10.0,1.0
San Pablo - Rumrill,2023-01-28 14:34:55.520593+00:00,2023-01-28T14:00,,,,9.8,41.0,1.0
Seattle-Duwamish,2023-01-28 14:34:55.520593+00:00,2023-01-28T14:00,,,,8.3,35.0,1.0
Mt Vernon-S 2nd St,2023-01-28 14:34:55.520593+00:00,2023-01-28T14:00,,,,5.6,23.0,1.0
Estacada Clackamas River Elementary School,2023-01-28 14:34:55.520593+00:00,2023-01-28T14:00,,,,2.2,9.0,1.0
Seattle-South Park,2023-01-28 14:34:55.520593+00:00,2023-01-28T14:00,,,,7.9,33.0,1.0
Seattle-10th & Weller,2023-01-28 14:34:55.520593+00:00,2023-01-28T14:00,,,,5.8,24.0,1.0
Seattle-Beacon Hill,2023-01-28 14:34:55.520593+00:00,2023-01-28T14:00,,,,4.6,19.0,1.0
Tulalip-Totem Beach Rd,2023-01-28 14:34:55.520593+00:00,2023-01-28T14:00,,,,2.2,9.0,1.0
Oakland West,2023-01-28 14:34:55.520593+00:00,2023-01-28T14:00,,,,14.5,56.0,2.0
Tukwila_Allentown,2023-01-28 14:34:55.520593+00:00,2023-01-28T14:00,,,,6.4,27.0,1.0
Lake Forest Park-Town Center,2023-01-28 14:34:55.520593+00:00,2023-01-28T14:00,,,,8.3,35.0,1.0
Laney College,2023-01-28 14:34:55.520593+00:00,2023-01-28T14:00,,,,11.1,46.0,1.0
Red Bluff - Walnut office,2023-01-28 14:34:55.520593+00:00,2023-01-28T14:00,,,,1.4,6.0,1.0
Kent-James & Central,2023-01-28 14:34:55.520593+00:00,2023-01-28T14:00,,,,6.7,28.0,1.0
Auburn 29th St,2023-01-28 14:34:55.520593+00:00,2023-01-28T14:00,,,,8.8,37.0,1.0
Redwood City,2023-01-28 14:34:55.520593+00:00,2023-01-28T14:00,,,,0.6,3.0,1.0
Detroit Lake,2023-01-28 14:34:55.520593+00:00,2023-01-28T14:00,,,,2.5,10.0,1.0
Marysville-7th Ave,2023-01-28 14:34:55.520593+00:00,2023-01-28T14:00,,,,8.8,37.0,1.0
Oakland,2023-01-28 14:34:55.520593+00:00,2023-01-28T14:00,,,,12.1,51.0,2.0
Bellevue-SE 12th,2023-01-28 14:34:55.520593+00:00,2023-01-28T14:00,,,,3.1,13.0,1.0
Maple Falls-Azure Way,2023-01-28 14:34:55.520593+00:00,2023-01-28T14:00,,,,12.8,52.0,2.0
SLV Middle School AMS,2023-01-28 14:34:55.520593+00:00,2023-01-28T14:00,,,,14.1,55.0,2.0
SISK1004,2023-01-28 14:34:55.520593+00:00,2023-01-28T14:00,,,,1.4,6.0,1.0
Concord,2023-01-28 14:34:55.520593+00:00,2023-01-28T14:00,,,,6.9,29.0,1.0
Santa Cruz AMS,2023-01-28 14:34:55.520593+00:00,2023-01-28T14:00,,,,8.1,34.0,1.0
Vacaville,2023-01-28 14:34:55.520593+00:00,2023-01-28T14:00,,,,9.4,39.0,1.0
Enumclaw Mud Mt (SO),2023-01-28 14:34:55.520593+00:00,2023-01-28T14:00,,,,7.0,29.0,1.0
Chiloquin,2023-01-28 14:34:55.520593+00:00,2023-01-28T14:00,,,,2.5,10.0,1.0
Pleasanton - Owens Ct.,2023-01-28 14:34:55.520593+00:00,2023-01-28T14:00,,,,9.4,39.0,1.0
San Jose - Jackson St.,2023-01-28 14:34:55.520593+00:00,2023-01-28T14:00,,,,11.9,50.0,1.0
San Jose - Knox Ave,2023-01-28 14:34:55.520593+00:00,2023-01-28T14:00,,,,7.1,30.0,1.0
Livermore - Rincon,2023-01-28 14:34:55.520593+00:00,2023-01-28T14:00,,,,3.5,15.0,1.0
Davis - UCD Campus,2023-01-28 14:34:55.520593+00:00,2023-01-28T14:00,,,,9.1,38.0,1.0
North Bend-North Bend Way (SO),2023-01-28 14:34:55.520593+00:00,2023-01-28T14:00,,,,3.7,15.0,1.0
Agassiz,2023-01-28 14:34:55.520593+00:00,2023-01-28T14:00,,,,1.8,8.0,1.0
Carmel Valley AMS,2023-01-28 14:34:55.520593+00:00,2023-01-28T14:00,,,,3.0,13.0,1.0
Woodland,2023-01-28 14:34:55.520593+00:00,2023-01-28T14:00,,,,9.7,40.0,1.0
Klamath Falls - Peterson School,2023-01-28 14:34:55.520593+00:00,2023-01-28T14:00,,,,22.6,73.0,2.0
Rio Vista,2023-01-28 14:34:55.520593+00:00,2023-01-28T14:00,,,,20.0,68.0,2.0
Gridley,2023-01-28 14:34:55.520593+00:00,2023-01-28T14:00,,,,12.7,52.0,2.0
Salinas AMS,2023-01-28 14:34:55.520593+00:00,2023-01-28T14:00,,,,4.8,20.0,1.0
Darrington-Fir St,2023-01-28 14:34:55.520593+00:00,2023-01-28T14:00,,,,3.9,16.0,1.0
Paradise Theater,2023-01-28 14:34:55.520593+00:00,2023-01-28T14:00,,,,1.7,7.0,1.0
Gilory - 9th Street,2023-01-28 14:34:55.520593+00:00,2023-01-28T14:00,,,,9.1,38.0,1.0
Sisters Forest Service,2023-01-28 14:34:55.520593+00:00,2023-01-28T14:00,,,,1.8,8.0,1.0
Hood River West Side FD,2023-01-28 14:34:55.520593+00:00,2023-01-28T14:00,,,,2.5,10.0,1.0
La Pine Rural Fire Dept,2023-01-28 14:34:55.520593+00:00,2023-01-28T14:00,,,,4.7,20.0,1.0
Bercut Dr,2023-01-28 14:34:55.520593+00:00,2023-01-28T14:00,,,,22.7,73.0,2.0
Sunriver Three Rivers School,2023-01-28 14:34:55.520593+00:00,2023-01-28T14:00,,,,2.2,9.0,1.0
Elk Grove,2023-01-28 14:34:55.520593+00:00,2023-01-28T14:00,,,,16.6,60.0,2.0
Arden Arcade - Del Paso Manor,2023-01-28 14:34:55.520593+00:00,2023-01-28T14:00,,,,29.5,88.0,2.0
Lincoln,2023-01-28 14:34:55.520593+00:00,2023-01-28T14:00,,,,22.1,72.0,2.0
Bend Pine Ridge Elementary School,2023-01-28 14:34:55.520593+00:00,2023-01-28T14:00,,,,2.1,9.0,1.0
Bend - Pump Station,2023-01-28 14:34:55.520593+00:00,2023-01-28T14:00,,,,1.9,8.0,1.0
Bend NE 8th & Emerson,2023-01-28 14:34:55.520593+00:00,2023-01-28T14:00,,,,2.4,10.0,1.0
Sloughhouse,2023-01-28 14:34:55.520593+00:00,2023-01-28T14:00,,,,14.7,56.0,2.0
The Dalles - Cherry Heights,2023-01-28 14:34:55.520593+00:00,2023-01-28T14:00,,,,2.4,10.0,1.0
Redmond High School,2023-01-28 14:34:55.520593+00:00,2023-01-28T14:00,,,,6.5,27.0,1.0
Folsom,2023-01-28 14:34:55.520593+00:00,2023-01-28T14:00,,,,15.9,59.0,2.0
Madras - Westside School,2023-01-28 14:34:55.520593+00:00,2023-01-28T14:00,,,,10.2,43.0,1.0
Auburn,2023-01-28 14:34:55.520593+00:00,2023-01-28T14:00,,,,3.3,14.0,1.0
Grass Valley,2023-01-28 14:34:55.520593+00:00,2023-01-28T14:00,,,,0.6,3.0,1.0
Cle Elum Mobile,2023-01-28 14:34:55.520593+00:00,2023-01-28T14:00,,,,2.5,10.0,1.0
Colfax,2023-01-28 14:34:55.520593+00:00,2023-01-28T14:00,,,,5.2,22.0,1.0
Quincy,2023-01-28 14:34:55.520593+00:00,2023-01-28T14:00,,,,31.3,91.0,2.0
Prineville - Davidson Park,2023-01-28 14:34:55.520593+00:00,2023-01-28T14:00,,,,19.1,66.0,2.0
Leavenworth-Evans St,2023-01-28 14:34:55.520593+00:00,2023-01-28T14:00,,,,5.0,21.0,1.0
Peshastin Mobile,2023-01-28 14:34:55.520593+00:00,2023-01-28T14:00,,,,2.7,11.0,1.0
Ellensburg-Ruby St,2023-01-28 14:34:55.520593+00:00,2023-01-28T14:00,,,,1.0,4.0,1.0
Cashmere Mobile,2023-01-28 14:34:55.520593+00:00,2023-01-28T14:00,,,,6.3,26.0,1.0
Portola,2023-01-28 14:34:55.520593+00:00,2023-01-28T14:00,,,,33.3,96.0,2.0
Merced - S. Coffee Ave,2023-01-28 14:34:55.520593+00:00,2023-01-28T14:00,,,,17.5,62.0,2.0
Tranquillity,2023-01-28 14:34:55.520593+00:00,2023-01-28T14:00,,,,8.9,37.0,1.0
Lakeview - Center & M,2023-01-28 14:34:55.520593+00:00,2023-01-28T14:00,,,,10.5,44.0,1.0
Wenatchee-Fifth St,2023-01-28 14:34:55.520593+00:00,2023-01-28T14:00,,,,3.9,16.0,1.0
Kamloops Federal Building,2023-01-28 14:34:55.520593+00:00,2023-01-28T14:00,,,,2.2,9.0,1.0
Toppenish-Yakama Tribe,2023-01-28 14:34:55.520593+00:00,2023-01-28T14:00,,,,4.0,17.0,1.0
Winthrop-Chewuch Rd,2023-01-28 14:34:55.520593+00:00,2023-01-28T14:00,,,,1.7,7.0,1.0
Truckee BAM,2023-01-28 14:34:55.520593+00:00,2023-01-28T14:00,,,,11.2,47.0,1.0
Tahoe City,2023-01-28 14:34:55.520593+00:00,2023-01-28T14:00,,,,5.8,24.0,1.0
MMCA82019,2023-01-28 14:34:55.520593+00:00,2023-01-28T14:00,,,,2.0,8.0,1.0
Twisp-Ewell St,2023-01-28 14:34:55.520593+00:00,2023-01-28T14:00,,,,2.2,9.0,1.0
Huron,2023-01-28 14:34:55.520593+00:00,2023-01-28T14:00,,,,10.3,43.0,1.0
Santa Ynez,2023-01-28 14:34:55.520593+00:00,2023-01-28T14:00,,,,2.3,10.0,1.0
Chelan-Woodin Ave,2023-01-28 14:34:55.520593+00:00,2023-01-28T14:00,,,,2.8,12.0,1.0
Sunnyside-S 16th,2023-01-28 14:34:55.520593+00:00,2023-01-28T14:00,,,,5.1,21.0,1.0
Quincy 3rd,2023-01-28 14:34:55.520593+00:00,2023-01-28T14:00,,,,0.7,3.0,1.0
Fresno-Foundry Park,2023-01-28 14:34:55.520593+00:00,2023-01-28T14:00,,,,42.0,117.0,3.0
CC_Armory,2023-01-28 14:34:55.520593+00:00,2023-01-28T14:00,,,,8.0,33.0,1.0
Prosser-Highland Dr,2023-01-28 14:34:55.520593+00:00,2023-01-28T14:00,,,,2.5,10.0,1.0
Fresno-Pacific,2023-01-28 14:34:55.520593+00:00,2023-01-28T14:00,,,,35.5,101.0,3.0
Ranchos,2023-01-28 14:34:55.520593+00:00,2023-01-28T14:00,,,,8.0,33.0,1.0
Spanish Springs,2023-01-28 14:34:55.520593+00:00,2023-01-28T14:00,,,,7.3,30.0,1.0
Yosemite Village - Visitor Center,2023-01-28 14:34:55.520593+00:00,2023-01-28T14:00,,,,2.0,8.0,1.0
Omak-Colville Tribe,2023-01-28 14:34:55.520593+00:00,2023-01-28T14:00,,,,39.9,112.0,3.0
Soap Lake,2023-01-28 14:34:55.520593+00:00,2023-01-28T14:00,,,,0.8,3.0,1.0
Beaverlodge,2023-01-28 14:34:55.520593+00:00,2023-01-28T14:00,,,,0.4,2.0,1.0
Moses Lake-Balsam St,2023-01-28 14:34:55.520593+00:00,2023-01-28T14:00,,,,2.9,12.0,1.0
Valemount,2023-01-28 14:34:55.520593+00:00,2023-01-28T14:00,,,,1.9,8.0,1.0
Hermiston - Municipal Airport,2023-01-28 14:34:55.520593+00:00,2023-01-28T14:00,,,,2.4,10.0,1.0
Kennewick-S Clodfelter Rd (SOS),2023-01-28 14:34:55.520593+00:00,2023-01-28T14:00,,,,0.2,1.0,1.0
Ojai - Ojai Ave.,2023-01-28 14:34:55.520593+00:00,2023-01-28T14:00,,,,3.7,15.0,1.0
Porterville-NFS,2023-01-28 14:34:55.520593+00:00,2023-01-28T14:00,,,,9.8,41.0,1.0
Burns - Washington St.,2023-01-28 14:34:55.520593+00:00,2023-01-28T14:00,,,,2.1,9.0,1.0
Mesa-Pepoit Way (temp SO),2023-01-28 14:34:55.520593+00:00,2023-01-28T14:00,,,,1.1,5.0,1.0
PM2.5 Mammoth Lakes EBAM,2023-01-28 14:34:55.520593+00:00,2023-01-28T14:00,,,,11.2,47.0,1.0
John Day Dayton St,2023-01-28 14:34:55.520593+00:00,2023-01-28T14:00,,,,6.8,28.0,1.0
Thousand Oaks - Moorpark Road,2023-01-28 14:34:55.520593+00:00,2023-01-28T14:00,,,,9.7,40.0,1.0
Lebec,2023-01-28 14:34:55.520593+00:00,2023-01-28T14:00,,,,0.3,1.0,1.0
Sequoia and Kings Canyon - Ash Mountain,2023-01-28 14:34:55.520593+00:00,2023-01-28T14:00,,,,4.8,20.0,1.0
Pendleton - McKay Creek,2023-01-28 14:34:55.520593+00:00,2023-01-28T14:00,,,,1.3,5.0,1.0
Springville,2023-01-28 14:34:55.520593+00:00,2023-01-28T14:00,,,,14.2,55.0,2.0
Piru - Pacific,2023-01-28 14:34:55.520593+00:00,2023-01-28T14:00,,,,6.4,27.0,1.0
Grande Prairie - Henry Pirker,2023-01-28 14:34:55.520593+00:00,2023-01-28T14:00,,,,6.1,25.0,1.0
Reseda,2023-01-28 14:34:55.520593+00:00,2023-01-28T14:00,,,,12.9,53.0,2.0
Santa Clarita,2023-01-28 14:34:55.520593+00:00,2023-01-28T14:00,,,,14.2,55.0,2.0
Ritzville-Alder St ,2023-01-28 14:34:55.520593+00:00,2023-01-28T14:00,,,,0.3,1.0,1.0
North Holywood,2023-01-28 14:34:55.520593+00:00,2023-01-28T14:00,,,,17.9,63.0,2.0
Walla Walla-12th St,2023-01-28 14:34:55.520593+00:00,2023-01-28T14:00,,,,1.8,8.0,1.0
La Grande Hall & N Sts,2023-01-28 14:34:55.520593+00:00,2023-01-28T14:00,,,,1.9,8.0,1.0
Lone Pine Paiute/Shoshone Tribe-CA,2023-01-28 14:34:55.520593+00:00,2023-01-28T14:00,,,,2.6,11.0,1.0
Wellpinit-Spokane Tribe,2023-01-28 14:34:55.520593+00:00,2023-01-28T14:00,,,,2.1,9.0,1.0
Dayton-W Main,2023-01-28 14:34:55.520593+00:00,2023-01-28T14:00,,,,1.9,8.0,1.0
Lacrosse-Hill St,2023-01-28 14:34:55.520593+00:00,2023-01-28T14:00,,,,0.7,3.0,1.0
Baker City - Forest Service,2023-01-28 14:34:55.520593+00:00,2023-01-28T14:00,,,,7.1,30.0,1.0
Cove - City Hall,2023-01-28 14:34:55.520593+00:00,2023-01-28T14:00,,,,3.4,14.0,1.0
Pomeroy-Pataha St,2023-01-28 14:34:55.520593+00:00,2023-01-28T14:00,,,,0.0,0.0,1.0
Airway Heights-West 12th (US),2023-01-28 14:34:55.520593+00:00,2023-01-28T14:00,,,,1.1,5.0,1.0
Spokane-Monroe St.,2023-01-28 14:34:55.520593+00:00,2023-01-28T14:00,,,,2.4,10.0,1.0
Camp Pendleton,2023-01-28 14:34:55.520593+00:00,2023-01-28T14:00,,,,7.0,29.0,1.0
Rosalia-Josephine St,2023-01-28 14:34:55.520593+00:00,2023-01-28T14:00,,,,1.0,4.0,1.0
Colbert-Greenbluff,2023-01-28 14:34:55.520593+00:00,2023-01-28T14:00,,,,4.2,18.0,1.0
Hinton,2023-01-28 14:34:55.520593+00:00,2023-01-28T14:00,,,,2.5,10.0,1.0
Enterprise - US Forest Service,2023-01-28 14:34:55.520593+00:00,2023-01-28T14:00,,,,2.2,9.0,1.0
Spokane-Greenbluff Rd (SOS),2023-01-28 14:34:55.520593+00:00,2023-01-28T14:00,,,,0.8,3.0,1.0
Crestline - Lake Gregory,2023-01-28 14:34:55.520593+00:00,2023-01-28T14:00,,,,9.7,40.0,1.0
Pullman-Dexter Ave,2023-01-28 14:34:55.520593+00:00,2023-01-28T14:00,,,,0.8,3.0,1.0
San Diego - Sherman Elementary School,2023-01-28 14:34:55.520593+00:00,2023-01-28T14:00,,,,14.6,56.0,2.0
Steeper,2023-01-28 14:34:55.520593+00:00,2023-01-28T14:00,,,,1.1,5.0,1.0
Temecula (Lake Skinner),2023-01-28 14:34:55.520593+00:00,2023-01-28T14:00,,,,6.3,26.0,1.0
Clarkston-13th St,2023-01-28 14:34:55.520593+00:00,2023-01-28T14:00,,,,0.7,3.0,1.0
Lewiston,2023-01-28 14:34:55.520593+00:00,2023-01-28T14:00,,,,1.1,5.0,1.0
Ontario May Roberts Elementary School,2023-01-28 14:34:55.520593+00:00,2023-01-28T14:00,,,,9.3,39.0,1.0
Moscow,2023-01-28 14:34:55.520593+00:00,2023-01-28T14:00,,,,0.0,0.0,1.0
El Cajon - Lexington Elementary School,2023-01-28 14:34:55.520593+00:00,2023-01-28T14:00,,,,11.4,48.0,1.0
Otay Mesa - Donovan,2023-01-28 14:34:55.520593+00:00,2023-01-28T14:00,,,,18.9,65.0,2.0
Plummer CDA Tribe,2023-01-28 14:34:55.520593+00:00,2023-01-28T14:00,,,,0.0,0.0,1.0
Big Bear,2023-01-28 14:34:55.520593+00:00,2023-01-28T14:00,,,,5.4,23.0,1.0
Banning - South Hathaway Street,2023-01-28 14:34:55.520593+00:00,2023-01-28T14:00,,,,7.0,29.0,1.0
Nursery Rd.,2023-01-28 14:34:55.520593+00:00,2023-01-28T14:00,,,,4.0,17.0,1.0
Lapwai,2023-01-28 14:34:55.520593+00:00,2023-01-28T14:00,,,,1.5,6.0,1.0
Alpine,2023-01-28 14:34:55.520593+00:00,2023-01-28T14:00,,,,3.0,13.0,1.0
Edson,2023-01-28 14:34:55.520593+00:00,2023-01-28T14:00,,,,0.5,2.0,1.0
St. Lukes Meridian,2023-01-28 14:34:55.520593+00:00,2023-01-28T14:00,,,,6.1,25.0,1.0
Grangeville,2023-01-28 14:34:55.520593+00:00,2023-01-28T14:00,,,,1.0,4.0,1.0
McCall,2023-01-28 14:34:55.520593+00:00,2023-01-28T14:00,,,,4.0,17.0,1.0
Kamiah,2023-01-28 14:34:55.520593+00:00,2023-01-28T14:00,,,,7.4,31.0,1.0
Garden Valley,2023-01-28 14:34:55.520593+00:00,2023-01-28T14:00,,,,5.6,23.0,1.0
Idaho City,2023-01-28 14:34:55.520593+00:00,2023-01-28T14:00,,,,5.8,24.0,1.0
Cranbrook Muriel Baxter,2023-01-28 14:34:55.520593+00:00,2023-01-28T14:00,,,,2.7,11.0,1.0
RT,2023-01-28 14:34:55.520593+00:00,2023-01-28T14:00,,,,8.8,37.0,1.0
Caroline,2023-01-28 14:34:55.520593+00:00,2023-01-28T14:00,,,,0.0,0.0,1.0
Twin Falls PM25,2023-01-28 14:34:55.520593+00:00,2023-01-28T14:00,,,,2.9,12.0,1.0
Powers,2023-01-28 14:34:55.520593+00:00,2023-01-28T14:00,,,,1.0,4.0,1.0
Ketchum,2023-01-28 14:34:55.520593+00:00,2023-01-28T14:00,,,,0.0,0.0,1.0
French Town - Beckwith,2023-01-28 14:34:55.520593+00:00,2023-01-28T14:00,,,,1.9,8.0,1.0
Genesee,2023-01-28 14:34:55.520593+00:00,2023-01-28T14:00,,,,0.0,0.0,1.0
Hamilton PS 46,2023-01-28 14:34:55.520593+00:00,2023-01-28T14:00,,,,0.0,0.0,1.0
Calgary Northwest,2023-01-28 14:34:55.520593+00:00,2023-01-28T14:00,,,,1.4,6.0,1.0
Calgary Central2,2023-01-28 14:34:55.520593+00:00,2023-01-28T14:00,,,,2.0,8.0,1.0
Airdrie,2023-01-28 14:34:55.520593+00:00,2023-01-28T14:00,,,,3.2,13.0,1.0
CALGARY SOUTHEAST,2023-01-28 14:34:55.520593+00:00,2023-01-28T14:00,,,,4.8,20.0,1.0
Salmon PM2.5,2023-01-28 14:34:55.520593+00:00,2023-01-28T14:00,,,,8.1,34.0,1.0
RED DEER RIVERSIDE DRIVE,2023-01-28 14:34:55.520593+00:00,2023-01-28T14:00,,,,0.5,2.0,1.0
RED DEER - LANCASTER,2023-01-28 14:34:55.520593+00:00,2023-01-28T14:00,,,,0.0,0.0,1.0
St Albert,2023-01-28 14:34:55.520593+00:00,2023-01-28T14:00,,,,1.6,7.0,1.0
Edmonton Woodcroft,2023-01-28 14:34:55.520593+00:00,2023-01-28T14:00,,,,0.0,0.0,1.0
Edmonton Central East,2023-01-28 14:34:55.520593+00:00,2023-01-28T14:00,,,,2.0,8.0,1.0
Seeley Elementary School,2023-01-28 14:34:55.520593+00:00,2023-01-28T14:00,,,,0.4,2.0,1.0
Edmonton East,2023-01-28 14:34:55.520593+00:00,2023-01-28T14:00,,,,2.0,8.0,1.0
Hurricane,2023-01-28 14:34:55.520593+00:00,2023-01-28T14:00,,,,1.7,7.0,1.0
Fort Saskatchewan,2023-01-28 14:34:55.520593+00:00,2023-01-28T14:00,,,,2.1,9.0,1.0
Ardrossan,2023-01-28 14:34:55.520593+00:00,2023-01-28T14:00,,,,1.1,5.0,1.0
Enoch,2023-01-28 14:34:55.520593+00:00,2023-01-28T14:00,,,,3.1,13.0,1.0
Lethbridge,2023-01-28 14:34:55.520593+00:00,2023-01-28T14:00,,,,2.6,11.0,1.0
Dillon,2023-01-28 14:34:55.520593+00:00,2023-01-28T14:00,,,,0.3,1.0,1.0
Cut Bank,2023-01-28 14:34:55.520593+00:00,2023-01-28T14:00,,,,3.4,14.0,1.0
Erda,2023-01-28 14:34:55.520593+00:00,2023-01-28T14:00,,,,0.0,0.0,1.0
Prison Site,2023-01-28 14:34:55.520593+00:00,2023-01-28T14:00,,,,0.2,1.0,1.0
Idaho Falls PM2.5,2023-01-28 14:34:55.520593+00:00,2023-01-28T14:00,,,,3.3,14.0,1.0
Rossiter Pump House,2023-01-28 14:34:55.520593+00:00,2023-01-28T14:00,,,,0.8,3.0,1.0
Eastwood,2023-01-28 14:34:55.520593+00:00,2023-01-28T14:00,,,,9.3,39.0,1.0
Utah Tech. Center,2023-01-28 14:34:55.520593+00:00,2023-01-28T14:00,,,,1.0,4.0,1.0
Rose Park,2023-01-28 14:34:55.520593+00:00,2023-01-28T14:00,,,,0.4,2.0,1.0
NR,2023-01-28 14:34:55.520593+00:00,2023-01-28T14:00,,,,2.2,9.0,1.0
Copper View,2023-01-28 14:34:55.520593+00:00,2023-01-28T14:00,,,,0.8,3.0,1.0
BV,2023-01-28 14:34:55.520593+00:00,2023-01-28T14:00,,,,0.7,3.0,1.0
Hawthorne,2023-01-28 14:34:55.520593+00:00,2023-01-28T14:00,,,,2.6,11.0,1.0
Preston PM25 BAM,2023-01-28 14:34:55.520593+00:00,2023-01-28T14:00,,,,1.3,5.0,1.0
Smithfield,2023-01-28 14:34:55.520593+00:00,2023-01-28T14:00,,,,1.2,5.0,1.0
Cave Camp - Timpanogos Cave,2023-01-28 14:34:55.520593+00:00,2023-01-28T14:00,,,,0.0,0.0,1.0
Spanish Fork,2023-01-28 14:34:55.520593+00:00,2023-01-28T14:00,,,,8.1,34.0,1.0
Syncrude UE1,2023-01-28 14:34:55.520593+00:00,2023-01-28T14:00,,,,1.5,6.0,1.0
Fort McKay,2023-01-28 14:34:55.520593+00:00,2023-01-28T14:00,,,,1.4,6.0,1.0
Fort MacKay West,2023-01-28 14:34:55.520593+00:00,2023-01-28T14:00,,,,2.3,10.0,1.0
St. Lina,2023-01-28 14:34:55.520593+00:00,2023-01-28T14:00,,,,1.0,4.0,1.0
Patricia McInnes,2023-01-28 14:34:55.520593+00:00,2023-01-28T14:00,,,,1.4,6.0,1.0
Athabasca Valley,2023-01-28 14:34:55.520593+00:00,2023-01-28T14:00,,,,1.7,7.0,1.0
Great Falls Overlook Park,2023-01-28 14:34:55.520593+00:00,2023-01-28T14:00,,,,0.1,0.0,1.0
Fort Chipewyan,2023-01-28 14:34:55.520593+00:00,2023-01-28T14:00,,,,0.9,4.0,1.0
Conklin West,2023-01-28 14:34:55.520593+00:00,2023-01-28T14:00,,,,1.1,5.0,1.0
Coachline,2023-01-28 14:34:55.520593+00:00,2023-01-28T14:00,,,,5.4,23.0,1.0
Conklin East,2023-01-28 14:34:55.520593+00:00,2023-01-28T14:00,,,,1.2,5.0,1.0
Bozeman High School,2023-01-28 14:34:55.520593+00:00,2023-01-28T14:00,,,,4.5,19.0,1.0
Anzac,2023-01-28 14:34:55.520593+00:00,2023-01-28T14:00,,,,1.3,5.0,1.0
Children's Park Site,2023-01-28 14:34:55.520593+00:00,2023-01-28T14:00,,,,7.7,32.0,1.0
Rose Elementary,2023-01-28 14:34:55.520593+00:00,2023-01-28T14:00,,,,7.0,29.0,1.0
Nogales ITN,2023-01-28 14:34:55.520593+00:00,2023-01-28T14:00,,,,3.1,13.0,1.0
Yellowstone- Old Faithful Snow Lodge,2023-01-28 14:34:55.520593+00:00,2023-01-28T14:00,,,,1.8,8.0,1.0
Janvier,2023-01-28 14:34:55.520593+00:00,2023-01-28T14:00,,,,1.3,5.0,1.0
Medicine Hat - Crescent Hts,2023-01-28 14:34:55.520593+00:00,2023-01-28T14:00,,,,2.1,9.0,1.0
Cold Lake South,2023-01-28 14:34:55.520593+00:00,2023-01-28T14:00,,,,1.7,7.0,1.0
Roosevelt,2023-01-28 14:34:55.520593+00:00,2023-01-28T14:00,,,,17.6,63.0,2.0
Vernal #4,2023-01-28 14:34:55.520593+00:00,2023-01-28T14:00,,,,8.9,37.0,1.0
Rangely- CO,2023-01-28 14:34:55.520593+00:00,2023-01-28T14:00,,,,5.0,21.0,1.0
Grand Junction - Powell Building,2023-01-28 14:34:55.520593+00:00,2023-01-28T14:00,,,,10.9,45.0,1.0
Billlings Lockwood,2023-01-28 14:34:55.520593+00:00,2023-01-28T14:00,,,,4.8,20.0,1.0
Yellow Brick Building,2023-01-28 14:34:55.520593+00:00,2023-01-28T14:00,,,,4.5,19.0,1.0
Las Cruces ED,2023-01-28 14:34:55.520593+00:00,2023-01-28T14:00,,,,2.9,12.0,1.0
Santa Teresa,2023-01-28 14:34:55.520593+00:00,2023-01-28T14:00,,,,4.2,18.0,1.0
Ascarate Park Southeast C37,2023-01-28 14:34:55.520593+00:00,2023-01-28T14:00,,,,26.1,80.0,2.0
Santa Fe Airport,2023-01-28 14:34:55.520593+00:00,2023-01-28T14:00,,,,0.6,3.0,1.0
Taos Fire Station,2023-01-28 14:34:55.520593+00:00,2023-01-28T14:00,,,,6.0,25.0,1.0
Boulder - CU - 2102 Athens St.,2023-01-28 14:34:55.520593+00:00,2023-01-28T14:00,,,,6.5,27.0,1.0
Longmont,2023-01-28 14:34:55.520593+00:00,2023-01-28T14:00,,,,12.1,51.0,2.0
Ft. Collins - CSU Facilities,2023-01-28 14:34:55.520593+00:00,2023-01-28T14:00,,,,8.0,33.0,1.0
Chatfield Park - 11500 N. Roxborough Park Rd.,2023-01-28 14:34:55.520593+00:00,2023-01-28T14:00,,,,1.1,5.0,1.0
I25 Denver,2023-01-28 14:34:55.520593+00:00,2023-01-28T14:00,,,,1.7,7.0,1.0
Globeville,2023-01-28 14:34:55.520593+00:00,2023-01-28T14:00,,,,3.6,15.0,1.0
Denver - CAMP - 2105 Broadway,2023-01-28 14:34:55.520593+00:00,2023-01-28T14:00,,,,6.9,29.0,1.0
Adams-Birch,2023-01-28 14:34:55.520593+00:00,2023-01-28T14:00,,,,2.9,12.0,1.0
Colorado College,2023-01-28 14:34:55.520593+00:00,2023-01-28T14:00,,,,1.5,6.0,1.0
Greeley Hospital,2023-01-28 14:34:55.520593+00:00,2023-01-28T14:00,,,,5.5,23.0,1.0
Theodore Roosevelt NP - Painted Canyon VC,2023-01-28 14:34:55.520593+00:00,2023-01-28T14:00,,,,5.8,24.0,1.0
Hobbs Jefferson,2023-01-28 14:34:55.520593+00:00,2023-01-28T14:00,,,,3.1,13.0,1.0
Estación Abasolo,2023-01-28 14:34:55.520593+00:00,2023-01-28T14:00,,,,19.4,66.0,2.0
Estación San Miguel de Allende,2023-01-28 14:34:55.520593+00:00,2023-01-28T14:00,,,,13.5,54.0,2.0
Estación San Luis de la Paz,2023-01-28 14:34:55.520593+00:00,2023-01-28T14:00,,,,12.1,51.0,2.0
Pierre,2023-01-28 14:34:55.520593+00:00,2023-01-28T14:00,,,,1.7,7.0,1.0
Grand Island DOT,2023-01-28 14:34:55.520593+00:00,2023-01-28T14:00,,,,8.9,37.0,1.0
Waco C1037,2023-01-28 14:34:55.520593+00:00,2023-01-28T14:00,,,,9.1,38.0,1.0
Vermillion,2023-01-28 14:34:55.520593+00:00,2023-01-28T14:00,,,,5.5,23.0,1.0
Homestead NHP,2023-01-28 14:34:55.520593+00:00,2023-01-28T14:00,,,,8.8,37.0,1.0
LLCHD BAM,2023-01-28 14:34:55.520593+00:00,2023-01-28T14:00,,,,5.8,24.0,1.0
2912 Coffey,2023-01-28 14:34:55.520593+00:00,2023-01-28T14:00,,,,5.7,24.0,1.0
Detroit Lakes,2023-01-28 14:34:55.520593+00:00,2023-01-28T14:00,,,,2.8,12.0,1.0
Marshall,2023-01-28 14:34:55.520593+00:00,2023-01-28T14:00,,,,2.5,10.0,1.0
Clinton C403,2023-01-28 14:34:55.520593+00:00,2023-01-28T14:00,,,,7.6,32.0,1.0
Viking Lake State Park,2023-01-28 14:34:55.520593+00:00,2023-01-28T14:00,,,,5.3,22.0,1.0
Red Lake Nation,2023-01-28 14:34:55.520593+00:00,2023-01-28T14:00,,,,0.0,0.0,1.0
Emmetsburg- ILCC,2023-01-28 14:34:55.520593+00:00,2023-01-28T14:00,,,,4.5,19.0,1.0
Leech Lake Nation: Cass Lake,2023-01-28 14:34:55.520593+00:00,2023-01-28T14:00,,,,2.5,10.0,1.0
RG_South,2023-01-28 14:34:55.520593+00:00,2023-01-28T14:00,,,,4.1,17.0,1.0
ROLAND,2023-01-28 14:34:55.520593+00:00,2023-01-28T14:00,,,,8.2,34.0,1.0
Blue Ridge I-70,2023-01-28 14:34:55.520593+00:00,2023-01-28T14:00,,,,6.7,28.0,1.0
Liberty,2023-01-28 14:34:55.520593+00:00,2023-01-28T14:00,,,,1.7,7.0,1.0
Brainerd,2023-01-28 14:34:55.520593+00:00,2023-01-28T14:00,,,,0.9,4.0,1.0
St. Cloud,2023-01-28 14:34:55.520593+00:00,2023-01-28T14:00,,,,3.0,13.0,1.0
El Do Springs,2023-01-28 14:34:55.520593+00:00,2023-01-28T14:00,,,,2.6,11.0,1.0
Shreveport Airport,2023-01-28 14:34:55.520593+00:00,2023-01-28T14:00,,,,7.1,30.0,1.0
St. Michael,2023-01-28 14:34:55.520593+00:00,2023-01-28T14:00,,,,3.4,14.0,1.0
CARPENTER,2023-01-28 14:34:55.520593+00:00,2023-01-28T14:00,,,,2.1,9.0,1.0
PUBLIC WORKS,2023-01-28 14:34:55.520593+00:00,2023-01-28T14:00,,,,0.1,0.0,1.0
Shakopee,2023-01-28 14:34:55.520593+00:00,2023-01-28T14:00,,,,3.7,15.0,1.0
Lakeville - Near Road,2023-01-28 14:34:55.520593+00:00,2023-01-28T14:00,,,,4.3,18.0,1.0
Westlake,2023-01-28 14:34:55.520593+00:00,2023-01-28T14:00,,,,3.9,16.0,1.0
Minneapolis-Phillips,2023-01-28 14:34:55.520593+00:00,2023-01-28T14:00,,,,4.1,17.0,1.0
Minneapolis-Near Road,2023-01-28 14:34:55.520593+00:00,2023-01-28T14:00,,,,5.2,22.0,1.0
Apple Valley,2023-01-28 14:34:55.520593+00:00,2023-01-28T14:00,,,,4.2,18.0,1.0
St. Paul-Harding H.S.,2023-01-28 14:34:55.520593+00:00,2023-01-28T14:00,,,,3.8,16.0,1.0
Virginia,2023-01-28 14:34:55.520593+00:00,2023-01-28T14:00,,,,1.7,7.0,1.0
Fond du Lac,2023-01-28 14:34:55.520593+00:00,2023-01-28T14:00,,,,0.0,0.0,1.0
Rochester,2023-01-28 14:34:55.520593+00:00,2023-01-28T14:00,,,,4.1,17.0,1.0
Waterloo- Water Tower,2023-01-28 14:34:55.520593+00:00,2023-01-28T14:00,,,,3.0,13.0,1.0
PARR,2023-01-28 14:34:55.520593+00:00,2023-01-28T14:00,,,,6.9,29.0,1.0
West Duluth,2023-01-28 14:34:55.520593+00:00,2023-01-28T14:00,,,,2.9,12.0,1.0
Duluth-WDSE,2023-01-28 14:34:55.520593+00:00,2023-01-28T14:00,,,,1.8,8.0,1.0
Lake Sugema,2023-01-28 14:34:55.520593+00:00,2023-01-28T14:00,,,,3.4,14.0,1.0
PUBLIC HEALTH,2023-01-28 14:34:55.520593+00:00,2023-01-28T14:00,,,,4.7,20.0,1.0
Iowa City- Hoover School,2023-01-28 14:34:55.520593+00:00,2023-01-28T14:00,,,,5.1,21.0,1.0
Ely,2023-01-28 14:34:55.520593+00:00,2023-01-28T14:00,,,,0.9,4.0,1.0
Capitol,2023-01-28 14:34:55.520593+00:00,2023-01-28T14:00,,,,5.5,23.0,1.0
Muscatine- High School East Campus,2023-01-28 14:34:55.520593+00:00,2023-01-28T14:00,,,,0.8,3.0,1.0
French Settlement,2023-01-28 14:34:55.520593+00:00,2023-01-28T14:00,,,,7.3,30.0,1.0
Thibodaux,2023-01-28 14:34:55.520593+00:00,2023-01-28T14:00,,,,5.5,23.0,1.0
CLEVELAND,2023-01-28 14:34:55.520593+00:00,2023-01-28T14:00,,,,6.5,27.0,1.0
Bad River Tribal School,2023-01-28 14:34:55.520593+00:00,2023-01-28T14:00,,,,1.5,6.0,1.0
Potosi,2023-01-28 14:34:55.520593+00:00,2023-01-28T14:00,,,,6.2,26.0,1.0
PERKINSTOWN,2023-01-28 14:34:55.520593+00:00,2023-01-28T14:00,,,,3.3,14.0,1.0
Davenport- 10th & Vine,2023-01-28 14:34:55.520593+00:00,2023-01-28T14:00,,,,5.9,25.0,1.0
ROCK_IS,2023-01-28 14:34:55.520593+00:00,2023-01-28T14:00,,,,6.3,26.0,1.0
JERSEYVL,2023-01-28 14:34:55.520593+00:00,2023-01-28T14:00,,,,6.6,28.0,1.0
Forest Park,2023-01-28 14:34:55.520593+00:00,2023-01-28T14:00,,,,8.9,37.0,1.0
South Broadway,2023-01-28 14:34:55.520593+00:00,2023-01-28T14:00,,,,7.6,32.0,1.0
Hinds CC,2023-01-28 14:34:55.520593+00:00,2023-01-28T14:00,,,,7.2,30.0,1.0
Clinton- Chancy Park,2023-01-28 14:34:55.520593+00:00,2023-01-28T14:00,,,,6.2,26.0,1.0
Madisonville,2023-01-28 14:34:55.520593+00:00,2023-01-28T14:00,,,,4.0,17.0,1.0
East St. Louis,2023-01-28 14:34:55.520593+00:00,2023-01-28T14:00,,,,10.3,43.0,1.0
GC_MAD,2023-01-28 14:34:55.520593+00:00,2023-01-28T14:00,,,,8.0,33.0,1.0
HERNANDO,2023-01-28 14:34:55.520593+00:00,2023-01-28T14:00,,,,4.5,19.0,1.0
SHELBY FARMS,2023-01-28 14:34:55.520593+00:00,2023-01-28T14:00,,,,4.4,18.0,1.0
Grand Portage,2023-01-28 14:34:55.520593+00:00,2023-01-28T14:00,,,,0.0,0.0,1.0
TROUT LAKE,2023-01-28 14:34:55.520593+00:00,2023-01-28T14:00,,,,1.3,5.0,1.0
Springfield Ag,2023-01-28 14:34:55.520593+00:00,2023-01-28T14:00,,,,9.8,41.0,1.0
PEORIA_J,2023-01-28 14:34:55.520593+00:00,2023-01-28T14:00,,,,10.0,42.0,1.0
WAVELAND,2023-01-28 14:34:55.520593+00:00,2023-01-28T14:00,,,,8.6,36.0,1.0
DYERSBURG,2023-01-28 14:34:55.520593+00:00,2023-01-28T14:00,,,,1.7,7.0,1.0
MADISON EAST,2023-01-28 14:34:55.520593+00:00,2023-01-28T14:00,,,,6.5,27.0,1.0
Hattiesburg,2023-01-28 14:34:55.520593+00:00,2023-01-28T14:00,,,,14.3,56.0,2.0
Rockford,2023-01-28 14:34:55.520593+00:00,2023-01-28T14:00,,,,5.9,25.0,1.0
GPORT YC,2023-01-28 14:34:55.520593+00:00,2023-01-28T14:00,,,,8.0,33.0,1.0
NORMAL,2023-01-28 14:34:55.520593+00:00,2023-01-28T14:00,,,,10.9,45.0,1.0
DECATUR,2023-01-28 14:34:55.520593+00:00,2023-01-28T14:00,,,,9.8,41.0,1.0
Jackson,2023-01-28 14:34:55.520593+00:00,2023-01-28T14:00,,,,1.4,6.0,1.0
POTAWATOMI,2023-01-28 14:34:55.520593+00:00,2023-01-28T14:00,,,,3.0,13.0,1.0
KNIGHT_P,2023-01-28 14:34:55.520593+00:00,2023-01-28T14:00,,,,3.3,14.0,1.0
PASCAGOULA,2023-01-28 14:34:55.520593+00:00,2023-01-28T14:00,,,,9.4,39.0,1.0
APPLETON AAL,2023-01-28 14:34:55.520593+00:00,2023-01-28T14:00,,,,5.9,25.0,1.0
BONDVILLE,2023-01-28 14:34:55.520593+00:00,2023-01-28T14:00,,,,8.4,35.0,1.0
Ward,2023-01-28 14:34:55.520593+00:00,2023-01-28T14:00,,,,1.9,8.0,1.0
CARY,2023-01-28 14:34:55.520593+00:00,2023-01-28T14:00,,,,6.4,27.0,1.0
BRAIDWD,2023-01-28 14:34:55.520593+00:00,2023-01-28T14:00,,,,8.3,35.0,1.0
Naperville,2023-01-28 14:34:55.520593+00:00,2023-01-28T14:00,,,,8.3,35.0,1.0
Joliet,2023-01-28 14:34:55.520593+00:00,2023-01-28T14:00,,,,7.6,32.0,1.0
GREEN BAY E HIGH,2023-01-28 14:34:55.520593+00:00,2023-01-28T14:00,,,,5.5,23.0,1.0
MILWAUKEE 16TH ST,2023-01-28 14:34:55.520593+00:00,2023-01-28T14:00,,,,8.3,35.0,1.0
SCHILPRK,2023-01-28 14:34:55.520593+00:00,2023-01-28T14:00,,,,10.5,44.0,1.0
FAIRHOPE,2023-01-28 14:34:55.520593+00:00,2023-01-28T14:00,,,,9.9,41.0,1.0
DESPLNS,2023-01-28 14:34:55.520593+00:00,2023-01-28T14:00,,,,6.9,29.0,1.0
CHIWAUKEE,2023-01-28 14:34:55.520593+00:00,2023-01-28T14:00,,,,7.1,30.0,1.0
HARRINGTON BCH,2023-01-28 14:34:55.520593+00:00,2023-01-28T14:00,,,,6.9,29.0,1.0
NORTHBRK,2023-01-28 14:34:55.520593+00:00,2023-01-28T14:00,,,,6.7,28.0,1.0
ALSIP,2023-01-28 14:34:55.520593+00:00,2023-01-28T14:00,,,,4.2,18.0,1.0
CHI_SP,2023-01-28 14:34:55.520593+00:00,2023-01-28T14:00,,,,9.0,38.0,1.0
CHI_COM,2023-01-28 14:34:55.520593+00:00,2023-01-28T14:00,,,,6.1,25.0,1.0
Kingery Near-road #1,2023-01-28 14:34:55.520593+00:00,2023-01-28T14:00,,,,10.0,42.0,1.0
Hammond-167th St,2023-01-28 14:34:55.520593+00:00,2023-01-28T14:00,,,,9.3,39.0,1.0
East Chicago - Marina,2023-01-28 14:34:55.520593+00:00,2023-01-28T14:00,,,,12.4,52.0,2.0
Loretto,2023-01-28 14:34:55.520593+00:00,2023-01-28T14:00,,,,1.9,8.0,1.0
OWENPRI,2023-01-28 14:34:55.520593+00:00,2023-01-28T14:00,,,,3.1,13.0,1.0
Columbia,2023-01-28 14:34:55.520593+00:00,2023-01-28T14:00,,,,2.8,12.0,1.0
MCADORY,2023-01-28 14:34:55.520593+00:00,2023-01-28T14:00,,,,8.0,33.0,1.0
CORNER,2023-01-28 14:34:55.520593+00:00,2023-01-28T14:00,,,,6.3,26.0,1.0
HVILLE,2023-01-28 14:34:55.520593+00:00,2023-01-28T14:00,,,,1.1,5.0,1.0
Huntsville Old Airport,2023-01-28 14:34:55.520593+00:00,2023-01-28T14:00,,,,7.8,33.0,1.0
Indpls-W.18th St,2023-01-28 14:34:55.520593+00:00,2023-01-28T14:00,,,,12.4,52.0,2.0
South Bend-Shields Dr,2023-01-28 14:34:55.520593+00:00,2023-01-28T14:00,,,,13.6,54.0,2.0
HOLLAND,2023-01-28 14:34:55.520593+00:00,2023-01-28T14:00,,,,6.6,28.0,1.0
Indpls - I-70 E,2023-01-28 14:34:55.520593+00:00,2023-01-28T14:00,,,,12.8,52.0,2.0
SENEY,2023-01-28 14:34:55.520593+00:00,2023-01-28T14:00,,,,6.0,25.0,1.0
ETOWN2,2023-01-28 14:34:55.520593+00:00,2023-01-28T14:00,,,,3.3,14.0,1.0
Jeffersonville - Bates-Bowyer Av,2023-01-28 14:34:55.520593+00:00,2023-01-28T14:00,,,,4.5,19.0,1.0
St. Andrews Park,2023-01-28 14:34:55.520593+00:00,2023-01-28T14:00,,,,8.2,34.0,1.0
Anderson-Eastside Elem. Sch,2023-01-28 14:34:55.520593+00:00,2023-01-28T14:00,,,,9.4,39.0,1.0
Larwill,2023-01-28 14:34:55.520593+00:00,2023-01-28T14:00,,,,11.0,46.0,1.0
Bonifay,2023-01-28 14:34:55.520593+00:00,2023-01-28T14:00,,,,15.5,58.0,2.0
KALAMAZOO,2023-01-28 14:34:55.520593+00:00,2023-01-28T14:00,,,,10.9,45.0,1.0
Cookeville,2023-01-28 14:34:55.520593+00:00,2023-01-28T14:00,,,,2.4,10.0,1.0
Rome,2023-01-28 14:34:55.520593+00:00,2023-01-28T14:00,,,,15.5,58.0,2.0
Riverside,2023-01-28 14:34:55.520593+00:00,2023-01-28T14:00,,,,9.9,41.0,1.0
HOUGHTON LAKE,2023-01-28 14:34:55.520593+00:00,2023-01-28T14:00,,,,6.8,28.0,1.0
Preble NCore,2023-01-28 14:34:55.520593+00:00,2023-01-28T14:00,,,,8.0,33.0,1.0
Colerain,2023-01-28 14:34:55.520593+00:00,2023-01-28T14:00,,,,6.8,28.0,1.0
SOMERST,2023-01-28 14:34:55.520593+00:00,2023-01-28T14:00,,,,4.7,20.0,1.0
ATHENS,2023-01-28 14:34:55.520593+00:00,2023-01-28T14:00,,,,4.3,18.0,1.0
LANSING,2023-01-28 14:34:55.520593+00:00,2023-01-28T14:00,,,,9.7,40.0,1.0
Lower Price Hill,2023-01-28 14:34:55.520593+00:00,2023-01-28T14:00,,,,7.4,31.0,1.0
Harriman,2023-01-28 14:34:55.520593+00:00,2023-01-28T14:00,,,,4.9,20.0,1.0
Cincinnati Near Road,2023-01-28 14:34:55.520593+00:00,2023-01-28T14:00,,,,7.6,32.0,1.0
NEWTWN,2023-01-28 14:34:55.520593+00:00,2023-01-28T14:00,,,,3.3,14.0,1.0
NR-Georgia Tech,2023-01-28 14:34:55.520593+00:00,2023-01-28T14:00,,,,7.0,29.0,1.0
Sycamore,2023-01-28 14:34:55.520593+00:00,2023-01-28T14:00,,,,4.7,20.0,1.0
United Ave,2023-01-28 14:34:55.520593+00:00,2023-01-28T14:00,,,,9.9,41.0,1.0
Tallahassee Community College,2023-01-28 14:34:55.520593+00:00,2023-01-28T14:00,,,,17.0,61.0,2.0
LOUDONMS,2023-01-28 14:34:55.520593+00:00,2023-01-28T14:00,,,,0.0,0.0,1.0
Sault Ste Marie,2023-01-28 14:34:55.520593+00:00,2023-01-28T14:00,,,,2.3,10.0,1.0
Lebanon,2023-01-28 14:34:55.520593+00:00,2023-01-28T14:00,,,,2.1,9.0,1.0
Sinclair,2023-01-28 14:34:55.520593+00:00,2023-01-28T14:00,,,,8.3,35.0,1.0
St. Marks Wildlife Refuge,2023-01-28 14:34:55.520593+00:00,2023-01-28T14:00,,,,8.8,37.0,1.0
McDonough,2023-01-28 14:34:55.520593+00:00,2023-01-28T14:00,,,,6.3,26.0,1.0
Batavia,2023-01-28 14:34:55.520593+00:00,2023-01-28T14:00,,,,2.2,9.0,1.0
San Jose,2023-01-28 14:34:55.520593+00:00,2023-01-28T14:00,,,,6.4,27.0,1.0
Lima,2023-01-28 14:34:55.520593+00:00,2023-01-28T14:00,,,,5.9,25.0,1.0
Rule,2023-01-28 14:34:55.520593+00:00,2023-01-28T14:00,,,,6.1,25.0,1.0
TECUMSEH,2023-01-28 14:34:55.520593+00:00,2023-01-28T14:00,,,,16.7,61.0,2.0
MARYVILL,2023-01-28 14:34:55.520593+00:00,2023-01-28T14:00,,,,2.6,11.0,1.0
Look Rock - GSMNP,2023-01-28 14:34:55.520593+00:00,2023-01-28T14:00,,,,7.3,30.0,1.0
AIR LAB,2023-01-28 14:34:55.520593+00:00,2023-01-28T14:00,,,,12.2,51.0,2.0
BAY CITY,2023-01-28 14:34:55.520593+00:00,2023-01-28T14:00,,,,10.4,43.0,1.0
SPRINGHILL,2023-01-28 14:34:55.520593+00:00,2023-01-28T14:00,,,,6.7,28.0,1.0
Springfield Fire St1,2023-01-28 14:34:55.520593+00:00,2023-01-28T14:00,,,,6.8,28.0,1.0
MIDAIR,2023-01-28 14:34:55.520593+00:00,2023-01-28T14:00,,,,20.5,69.0,2.0
FLINT,2023-01-28 14:34:55.520593+00:00,2023-01-28T14:00,,,,12.7,52.0,2.0
YPSILANTI,2023-01-28 14:34:55.520593+00:00,2023-01-28T14:00,,,,10.7,45.0,1.0
Erie,2023-01-28 14:34:55.520593+00:00,2023-01-28T14:00,,,,9.3,39.0,1.0
BRYSON,2023-01-28 14:34:55.520593+00:00,2023-01-28T14:00,,,,10.1,42.0,1.0
HAZ2,2023-01-28 14:34:55.520593+00:00,2023-01-28T14:00,,,,4.0,17.0,1.0
ALLEN PARK,2023-01-28 14:34:55.520593+00:00,2023-01-28T14:00,,,,10.7,45.0,1.0
NMH48217,2023-01-28 14:34:55.520593+00:00,2023-01-28T14:00,,,,11.8,49.0,1.0
DEARBORN,2023-01-28 14:34:55.520593+00:00,2023-01-28T14:00,,,,12.0,50.0,1.0
TRINITY,2023-01-28 14:34:55.520593+00:00,2023-01-28T14:00,,,,12.5,52.0,2.0
DETROIT-SW,2023-01-28 14:34:55.520593+00:00,2023-01-28T14:00,,,,12.2,51.0,2.0
MILITARY PARK,2023-01-28 14:34:55.520593+00:00,2023-01-28T14:00,,,,12.1,51.0,2.0
DP4TH,2023-01-28 14:34:55.520593+00:00,2023-01-28T14:00,,,,11.1,46.0,1.0
Smoky Row Near Road,2023-01-28 14:34:55.520593+00:00,2023-01-28T14:00,,,,7.4,31.0,1.0
Windsor Downtown,2023-01-28 14:34:55.520593+00:00,2023-01-28T14:00,,,,11.4,48.0,1.0
GRAYSON,2023-01-28 14:34:55.520593+00:00,2023-01-28T14:00,,,,3.0,13.0,1.0
New Albany,2023-01-28 14:34:55.520593+00:00,2023-01-28T14:00,,,,2.0,8.0,1.0
White Springs Plant,2023-01-28 14:34:55.520593+00:00,2023-01-28T14:00,,,,8.0,33.0,1.0
NEW HAVEN,2023-01-28 14:34:55.520593+00:00,2023-01-28T14:00,,,,11.4,48.0,1.0
St. Petersburg College,2023-01-28 14:34:55.520593+00:00,2023-01-28T14:00,,,,8.3,35.0,1.0
John A. Chesnut Sr. Park,2023-01-28 14:34:55.520593+00:00,2023-01-28T14:00,,,,9.2,38.0,1.0
ODOT Ironton,2023-01-28 14:34:55.520593+00:00,2023-01-28T14:00,,,,4.0,17.0,1.0
Crystal River Preserve,2023-01-28 14:34:55.520593+00:00,2023-01-28T14:00,,,,11.1,46.0,1.0
FIVCO,2023-01-28 14:34:55.520593+00:00,2023-01-28T14:00,,,,3.3,14.0,1.0
Lake City,2023-01-28 14:34:55.520593+00:00,2023-01-28T14:00,,,,6.4,27.0,1.0
BDED,2023-01-28 14:34:55.520593+00:00,2023-01-28T14:00,,,,13.6,54.0,2.0
GANDY,2023-01-28 14:34:55.520593+00:00,2023-01-28T14:00,,,,9.0,38.0,1.0
PIKE2001,2023-01-28 14:34:55.520593+00:00,2023-01-28T14:00,,,,3.1,13.0,1.0
Kingsport,2023-01-28 14:34:55.520593+00:00,2023-01-28T14:00,,,,4.9,20.0,1.0
Bee Ridge,2023-01-28 14:34:55.520593+00:00,2023-01-28T14:00,,,,6.9,29.0,1.0
MUNRO STREET,2023-01-28 14:34:55.520593+00:00,2023-01-28T14:00,,,,10.2,43.0,1.0
PORT HURON,2023-01-28 14:34:55.520593+00:00,2023-01-28T14:00,,,,9.2,38.0,1.0
Osceola National Forest,2023-01-28 14:34:55.520593+00:00,2023-01-28T14:00,,,,7.6,32.0,1.0
APOLLO BEACH,2023-01-28 14:34:55.520593+00:00,2023-01-28T14:00,,,,8.7,36.0,1.0
Sarnia,2023-01-28 14:34:55.520593+00:00,2023-01-28T14:00,,,,7.5,31.0,1.0
Jackson Road,2023-01-28 14:34:55.520593+00:00,2023-01-28T14:00,,,,7.5,31.0,1.0
Paynes Prairie Farm,2023-01-28 14:34:55.520593+00:00,2023-01-28T14:00,,,,11.1,46.0,1.0
SYDNEY,2023-01-28 14:34:55.520593+00:00,2023-01-28T14:00,,,,8.3,35.0,1.0
Chatham,2023-01-28 14:34:55.520593+00:00,2023-01-28T14:00,,,,8.9,37.0,1.0
YMCA - Marion County,2023-01-28 14:34:55.520593+00:00,2023-01-28T14:00,,,,18.5,64.0,2.0
Spruce Pine,2023-01-28 14:34:55.520593+00:00,2023-01-28T14:00,,,,4.5,19.0,1.0
TK Gregg,2023-01-28 14:34:55.520593+00:00,2023-01-28T14:00,,,,13.3,54.0,2.0
Chippewa,2023-01-28 14:34:55.520593+00:00,2023-01-28T14:00,,,,3.6,15.0,1.0
Trenton,2023-01-28 14:34:55.520593+00:00,2023-01-28T14:00,,,,7.6,32.0,1.0
Grand Bend,2023-01-28 14:34:55.520593+00:00,2023-01-28T14:00,,,,7.0,29.0,1.0
Laurel Oaks Elementary,2023-01-28 14:34:55.520593+00:00,2023-01-28T14:00,,,,7.3,30.0,1.0
St Theodosius,2023-01-28 14:34:55.520593+00:00,2023-01-28T14:00,,,,7.9,33.0,1.0
CHARLESTON,2023-01-28 14:34:55.520593+00:00,2023-01-28T14:00,,,,0.7,3.0,1.0
Pepsi Place,2023-01-28 14:34:55.520593+00:00,2023-01-28T14:00,,,,14.9,57.0,2.0
Sheffield Elementary School,2023-01-28 14:34:55.520593+00:00,2023-01-28T14:00,,,,9.5,40.0,1.0
Tiverton,2023-01-28 14:34:55.520593+00:00,2023-01-28T14:00,,,,4.0,17.0,1.0
Sunny Acres,2023-01-28 14:34:55.520593+00:00,2023-01-28T14:00,,,,7.3,30.0,1.0
East HS,2023-01-28 14:34:55.520593+00:00,2023-01-28T14:00,,,,3.8,16.0,1.0
Mayo Clinic,2023-01-28 14:34:55.520593+00:00,2023-01-28T14:00,,,,10.4,43.0,1.0
Canton,2023-01-28 14:34:55.520593+00:00,2023-01-28T14:00,,,,8.2,34.0,1.0
HICKORY,2023-01-28 14:34:55.520593+00:00,2023-01-28T14:00,,,,7.1,30.0,1.0
Winter Park,2023-01-28 14:34:55.520593+00:00,2023-01-28T14:00,,,,5.6,23.0,1.0
Painesville,2023-01-28 14:34:55.520593+00:00,2023-01-28T14:00,,,,4.7,20.0,1.0
London,2023-01-28 14:34:55.520593+00:00,2023-01-28T14:00,,,,7.8,33.0,1.0
Port Stanley,2023-01-28 14:34:55.520593+00:00,2023-01-28T14:00,,,,9.4,39.0,1.0
Sudbury,2023-01-28 14:34:55.520593+00:00,2023-01-28T14:00,,,,1.4,6.0,1.0
Parklane,2023-01-28 14:34:55.520593+00:00,2023-01-28T14:00,,,,11.0,46.0,1.0
Remount,2023-01-28 14:34:55.520593+00:00,2023-01-28T14:00,,,,5.0,21.0,1.0
Friendship Park,2023-01-28 14:34:55.520593+00:00,2023-01-28T14:00,,,,4.5,19.0,1.0
Laird Eng Bldg,2023-01-28 14:34:55.520593+00:00,2023-01-28T14:00,,,,4.3,18.0,1.0
MOUNDSVILLE,2023-01-28 14:34:55.520593+00:00,2023-01-28T14:00,,,,3.8,16.0,1.0
Belle Glade,2023-01-28 14:34:55.520593+00:00,2023-01-28T14:00,,,,5.4,23.0,1.0
Youngstown State,2023-01-28 14:34:55.520593+00:00,2023-01-28T14:00,,,,6.2,26.0,1.0
Steubenville,2023-01-28 14:34:55.520593+00:00,2023-01-28T14:00,,,,5.1,21.0,1.0
Kitchener,2023-01-28 14:34:55.520593+00:00,2023-01-28T14:00,,,,6.8,28.0,1.0
Farrell,2023-01-28 14:34:55.520593+00:00,2023-01-28T14:00,,,,5.1,21.0,1.0
Florence,2023-01-28 14:34:55.520593+00:00,2023-01-28T14:00,,,,3.8,16.0,1.0
ROCKWELL,2023-01-28 14:34:55.520593+00:00,2023-01-28T14:00,,,,6.5,27.0,1.0
Clemmons Middle,2023-01-28 14:34:55.520593+00:00,2023-01-28T14:00,,,,12.7,52.0,2.0
V_VIEW,2023-01-28 14:34:55.520593+00:00,2023-01-28T14:00,,,,6.6,28.0,1.0
Beaver Falls,2023-01-28 14:34:55.520593+00:00,2023-01-28T14:00,,,,7.0,29.0,1.0
Fort McIntosh,2023-01-28 14:34:55.520593+00:00,2023-01-28T14:00,,,,4.5,19.0,1.0
Brantford,2023-01-28 14:34:55.520593+00:00,2023-01-28T14:00,,,,7.0,29.0,1.0
LWATTOWR,2023-01-28 14:34:55.520593+00:00,2023-01-28T14:00,,,,12.1,51.0,2.0
Chesterfield,2023-01-28 14:34:55.520593+00:00,2023-01-28T14:00,,,,6.3,26.0,1.0
POMPANO_BEACH,2023-01-28 14:34:55.520593+00:00,2023-01-28T14:00,,,,6.0,25.0,1.0
Avalon,2023-01-28 14:34:55.520593+00:00,2023-01-28T14:00,,,,5.3,22.0,1.0
Parry Sound,2023-01-28 14:34:55.520593+00:00,2023-01-28T14:00,,,,2.2,9.0,1.0
Lawrenceville,2023-01-28 14:34:55.520593+00:00,2023-01-28T14:00,,,,4.2,18.0,1.0
North Charleston F.S.,2023-01-28 14:34:55.520593+00:00,2023-01-28T14:00,,,,12.0,50.0,1.0
Charleroi,2023-01-28 14:34:55.520593+00:00,2023-01-28T14:00,,,,5.2,22.0,1.0
Clairton,2023-01-28 14:34:55.520593+00:00,2023-01-28T14:00,,,,3.3,14.0,1.0
EAST VINTON ELEMENTARY SCHOOL,2023-01-28 14:34:55.520593+00:00,2023-01-28T14:00,,,,4.6,19.0,1.0
Liberty (SAHS),2023-01-28 14:34:55.520593+00:00,2023-01-28T14:00,,,,6.7,28.0,1.0
Parkway East (Near Road),2023-01-28 14:34:55.520593+00:00,2023-01-28T14:00,,,,3.9,16.0,1.0
Hamilton Downtown,2023-01-28 14:34:55.520593+00:00,2023-01-28T14:00,,,,5.6,23.0,1.0
North Braddock,2023-01-28 14:34:55.520593+00:00,2023-01-28T14:00,,,,5.5,23.0,1.0
Candor FRO,2023-01-28 14:34:55.520593+00:00,2023-01-28T14:00,,,,9.8,41.0,1.0
Williams Middle School,2023-01-28 14:34:55.520593+00:00,2023-01-28T14:00,,,,9.3,39.0,1.0
Barrie,2023-01-28 14:34:55.520593+00:00,2023-01-28T14:00,,,,4.3,18.0,1.0
Cape Romain,2023-01-28 14:34:55.520593+00:00,2023-01-28T14:00,,,,12.4,52.0,2.0
Kittanning,2023-01-28 14:34:55.520593+00:00,2023-01-28T14:00,,,,3.8,16.0,1.0
North Bay,2023-01-28 14:34:55.520593+00:00,2023-01-28T14:00,,,,1.3,5.0,1.0
Toronto Downtown,2023-01-28 14:34:55.520593+00:00,2023-01-28T14:00,,,,5.6,23.0,1.0
St. Catharines,2023-01-28 14:34:55.520593+00:00,2023-01-28T14:00,,,,6.5,27.0,1.0
Temiscaming,2023-01-28 14:34:55.520593+00:00,2023-01-28T14:00,,,,2.7,11.0,1.0
Rouyn-Noranda - Parc Tremblay,2023-01-28 14:34:55.520593+00:00,2023-01-28T14:00,,,,1.9,8.0,1.0
Dorset,2023-01-28 14:34:55.520593+00:00,2023-01-28T14:00,,,,1.3,5.0,1.0
Strongstown,2023-01-28 14:34:55.520593+00:00,2023-01-28T14:00,,,,4.4,18.0,1.0
Johnstown,2023-01-28 14:34:55.520593+00:00,2023-01-28T14:00,,,,4.0,17.0,1.0
Tonawanda II,2023-01-28 14:34:55.520593+00:00,2023-01-28T14:00,,,,10.0,42.0,1.0
Triple Oak - Near Road,2023-01-28 14:34:55.520593+00:00,2023-01-28T14:00,,,,6.4,27.0,1.0
Buffalo Near-road,2023-01-28 14:34:55.520593+00:00,2023-01-28T14:00,,,,10.4,43.0,1.0
Albemarle HS,2023-01-28 14:34:55.520593+00:00,2023-01-28T14:00,,,,5.0,21.0,1.0
JOHNSTON,2023-01-28 14:34:55.520593+00:00,2023-01-28T14:00,,,,12.6,52.0,2.0
Shenandoah NP,2023-01-28 14:34:55.520593+00:00,2023-01-28T14:00,,,,2.9,12.0,1.0
Altoona,2023-01-28 14:34:55.520593+00:00,2023-01-28T14:00,,,,4.4,18.0,1.0
Peterborough,2023-01-28 14:34:55.520593+00:00,2023-01-28T14:00,,,,2.4,10.0,1.0
State College,2023-01-28 14:34:55.520593+00:00,2023-01-28T14:00,,,,4.8,20.0,1.0
Radisson,2023-01-28 14:34:55.520593+00:00,2023-01-28T14:00,,,,1.4,6.0,1.0
Hagerstown,2023-01-28 14:34:55.520593+00:00,2023-01-28T14:00,,,,4.1,17.0,1.0
Northampton,2023-01-28 14:34:55.520593+00:00,2023-01-28T14:00,,,,5.1,21.0,1.0
LEGGETT,2023-01-28 14:34:55.520593+00:00,2023-01-28T14:00,,,,11.4,48.0,1.0
Rochester Near-road,2023-01-28 14:34:55.520593+00:00,2023-01-28T14:00,,,,11.6,48.0,1.0
Richmond City Near Road,2023-01-28 14:34:55.520593+00:00,2023-01-28T14:00,,,,5.0,21.0,1.0
Belleville,2023-01-28 14:34:55.520593+00:00,2023-01-28T14:00,,,,5.8,24.0,1.0
PITTAGCT,2023-01-28 14:34:55.520593+00:00,2023-01-28T14:00,,,,9.5,40.0,1.0
Arendtsville,2023-01-28 14:34:55.520593+00:00,2023-01-28T14:00,,,,8.7,36.0,1.0
SHIRLEY PLANTATION,2023-01-28 14:34:55.520593+00:00,2023-01-28T14:00,,,,4.8,20.0,1.0
Pinnacle State Park,2023-01-28 14:34:55.520593+00:00,2023-01-28T14:00,,,,4.0,17.0,1.0
Senneterre,2023-01-28 14:34:55.520593+00:00,2023-01-28T14:00,,,,1.8,8.0,1.0
Carlisle,2023-01-28 14:34:55.520593+00:00,2023-01-28T14:00,,,,12.5,52.0,2.0
Northern VA Near Road,2023-01-28 14:34:55.520593+00:00,2023-01-28T14:00,,,,5.3,22.0,1.0
Rockville,2023-01-28 14:34:55.520593+00:00,2023-01-28T14:00,,,,2.4,10.0,1.0
RIVER_Terrace,2023-01-28 14:34:55.520593+00:00,2023-01-28T14:00,,,,5.1,21.0,1.0
DCNearRoad,2023-01-28 14:34:55.520593+00:00,2023-01-28T14:00,,,,5.5,23.0,1.0
HU-Beltsville,2023-01-28 14:34:55.520593+00:00,2023-01-28T14:00,,,,4.0,17.0,1.0
Harrisburg,2023-01-28 14:34:55.520593+00:00,2023-01-28T14:00,,,,7.3,30.0,1.0
Howard County Near Road,2023-01-28 14:34:55.520593+00:00,2023-01-28T14:00,,,,7.5,31.0,1.0
York,2023-01-28 14:34:55.520593+00:00,2023-01-28T14:00,,,,4.6,19.0,1.0
Padonia,2023-01-28 14:34:55.520593+00:00,2023-01-28T14:00,,,,5.5,23.0,1.0
Lake Montebello,2023-01-28 14:34:55.520593+00:00,2023-01-28T14:00,,,,5.3,22.0,1.0
Kingston,2023-01-28 14:34:55.520593+00:00,2023-01-28T14:00,,,,5.8,24.0,1.0
Edgewood,2023-01-28 14:34:55.520593+00:00,2023-01-28T14:00,,,,4.9,20.0,1.0
Lancaster,2023-01-28 14:34:55.520593+00:00,2023-01-28T14:00,,,,6.4,27.0,1.0
Horn Point,2023-01-28 14:34:55.520593+00:00,2023-01-28T14:00,,,,3.1,13.0,1.0
Lancaster DW,2023-01-28 14:34:55.520593+00:00,2023-01-28T14:00,,,,12.3,51.0,2.0
E Syracuse,2023-01-28 14:34:55.520593+00:00,2023-01-28T14:00,,,,4.8,20.0,1.0
Parc de la Gatineau - La Pêche,2023-01-28 14:34:55.520593+00:00,2023-01-28T14:00,,,,3.9,16.0,1.0
Reading Airport,2023-01-28 14:34:55.520593+00:00,2023-01-28T14:00,,,,9.0,38.0,1.0
Fair Hill,2023-01-28 14:34:55.520593+00:00,2023-01-28T14:00,,,,4.5,19.0,1.0
Millington,2023-01-28 14:34:55.520593+00:00,2023-01-28T14:00,,,,3.4,14.0,1.0
New Garden,2023-01-28 14:34:55.520593+00:00,2023-01-28T14:00,,,,6.5,27.0,1.0
LUMS 2,2023-01-28 14:34:55.520593+00:00,2023-01-28T14:00,,,,5.2,22.0,1.0
Gatineau - Hull,2023-01-28 14:34:55.520593+00:00,2023-01-28T14:00,,,,5.4,23.0,1.0
Ottawa,2023-01-28 14:34:55.520593+00:00,2023-01-28T14:00,,,,6.3,26.0,1.0
Scranton,2023-01-28 14:34:55.520593+00:00,2023-01-28T14:00,,,,7.5,31.0,1.0
SEAFORD,2023-01-28 14:34:55.520593+00:00,2023-01-28T14:00,,,,5.6,23.0,1.0
Rte 9 Del. City,2023-01-28 14:34:55.520593+00:00,2023-01-28T14:00,,,,5.6,23.0,1.0
MLK,2023-01-28 14:34:55.520593+00:00,2023-01-28T14:00,,,,6.6,28.0,1.0
KILLENS,2023-01-28 14:34:55.520593+00:00,2023-01-28T14:00,,,,5.3,22.0,1.0
Allentown,2023-01-28 14:34:55.520593+00:00,2023-01-28T14:00,,,,9.2,38.0,1.0
Mont-Saint-Michel,2023-01-28 14:34:55.520593+00:00,2023-01-28T14:00,,,,4.3,18.0,1.0
Marcus Hook,2023-01-28 14:34:55.520593+00:00,2023-01-28T14:00,,,,6.6,28.0,1.0
Chester,2023-01-28 14:34:55.520593+00:00,2023-01-28T14:00,,,,5.9,25.0,1.0
Freemansburg,2023-01-28 14:34:55.520593+00:00,2023-01-28T14:00,,,,8.2,34.0,1.0
Norristown,2023-01-28 14:34:55.520593+00:00,2023-01-28T14:00,,,,5.7,24.0,1.0
Utica,2023-01-28 14:34:55.520593+00:00,2023-01-28T14:00,,,,8.3,35.0,1.0
RIT,2023-01-28 14:34:55.520593+00:00,2023-01-28T14:00,,,,6.4,27.0,1.0
FAB,2023-01-28 14:34:55.520593+00:00,2023-01-28T14:00,,,,6.5,27.0,1.0
Camden Spruce St,2023-01-28 14:34:55.520593+00:00,2023-01-28T14:00,,,,6.6,28.0,1.0
Millville,2023-01-28 14:34:55.520593+00:00,2023-01-28T14:00,,,,5.1,21.0,1.0
TOR,2023-01-28 14:34:55.520593+00:00,2023-01-28T14:00,,,,7.9,33.0,1.0
Saint-Faustin-Lac-Carré,2023-01-28 14:34:55.520593+00:00,2023-01-28T14:00,,,,5.1,21.0,1.0
Brigantine,2023-01-28 14:34:55.520593+00:00,2023-01-28T14:00,,,,5.5,23.0,1.0
Saint-Anicet,2023-01-28 14:34:55.520593+00:00,2023-01-28T14:00,,,,4.4,18.0,1.0
Fresh Kills,2023-01-28 14:34:55.520593+00:00,2023-01-28T14:00,,,,9.4,39.0,1.0
Toms River,2023-01-28 14:34:55.520593+00:00,2023-01-28T14:00,,,,1.3,5.0,1.0
Paterson,2023-01-28 14:34:55.520593+00:00,2023-01-28T14:00,,,,3.3,14.0,1.0
Port Richmond,2023-01-28 14:34:55.520593+00:00,2023-01-28T14:00,,,,6.9,29.0,1.0
Jersey City FH,2023-01-28 14:34:55.520593+00:00,2023-01-28T14:00,,,,3.7,15.0,1.0
Union City High School,2023-01-28 14:34:55.520593+00:00,2023-01-28T14:00,,,,2.2,9.0,1.0
Rockland Cty,2023-01-28 14:34:55.520593+00:00,2023-01-28T14:00,,,,10.0,42.0,1.0
Bklyn - PS 314,2023-01-28 14:34:55.520593+00:00,2023-01-28T14:00,,,,5.8,24.0,1.0
Newburgh,2023-01-28 14:34:55.520593+00:00,2023-01-28T14:00,,,,9.0,38.0,1.0
Fort Lee Near Road,2023-01-28 14:34:55.520593+00:00,2023-01-28T14:00,,,,3.5,15.0,1.0
CCNY,2023-01-28 14:34:55.520593+00:00,2023-01-28T14:00,,,,8.3,35.0,1.0
Manhattan/IS143,2023-01-28 14:34:55.520593+00:00,2023-01-28T14:00,,,,10.9,45.0,1.0
Sainte-Anne-de-Bellevue,2023-01-28 14:34:55.520593+00:00,2023-01-28T14:00,,,,4.2,18.0,1.0
Bklyn - PS274,2023-01-28 14:34:55.520593+00:00,2023-01-28T14:00,,,,6.9,29.0,1.0
Morrisania,2023-01-28 14:34:55.520593+00:00,2023-01-28T14:00,,,,9.2,38.0,1.0
Maspeth,2023-01-28 14:34:55.520593+00:00,2023-01-28T14:00,,,,8.1,34.0,1.0
Bronx - IS74,2023-01-28 14:34:55.520593+00:00,2023-01-28T14:00,,,,6.5,27.0,1.0
Whiteface Mtn,2023-01-28 14:34:55.520593+00:00,2023-01-28T14:00,,,,4.4,18.0,1.0
Queens,2023-01-28 14:34:55.520593+00:00,2023-01-28T14:00,,,,6.5,27.0,1.0
Queens Near-road,2023-01-28 14:34:55.520593+00:00,2023-01-28T14:00,,,,7.3,30.0,1.0
White Plains,2023-01-28 14:34:55.520593+00:00,2023-01-28T14:00,,,,9.2,38.0,1.0
Laval - Chomedey,2023-01-28 14:34:55.520593+00:00,2023-01-28T14:00,,,,8.1,34.0,1.0
Aéroport de Montréal 1,2023-01-28 14:34:55.520593+00:00,2023-01-28T14:00,,,,4.3,18.0,1.0
Duncan,2023-01-28 14:34:55.520593+00:00,2023-01-28T14:00,,,,8.6,36.0,1.0
Terrebonne - Parc Vaillant,2023-01-28 14:34:55.520593+00:00,2023-01-28T14:00,,,,7.8,33.0,1.0
Caserne 17,2023-01-28 14:34:55.520593+00:00,2023-01-28T14:00,,,,7.4,31.0,1.0
Eisenhower Park,2023-01-28 14:34:55.520593+00:00,2023-01-28T14:00,,,,7.7,32.0,1.0
York-Roberval,2023-01-28 14:34:55.520593+00:00,2023-01-28T14:00,,,,9.6,40.0,1.0
Rivière-des-Prairies,2023-01-28 14:34:55.520593+00:00,2023-01-28T14:00,,,,7.3,30.0,1.0
Molson,2023-01-28 14:34:55.520593+00:00,2023-01-28T14:00,,,,6.2,26.0,1.0
St-Dominique,2023-01-28 14:34:55.520593+00:00,2023-01-28T14:00,,,,6.0,25.0,1.0
Hochelaga,2023-01-28 14:34:55.520593+00:00,2023-01-28T14:00,,,,8.7,36.0,1.0
Saint-Jean-Baptiste,2023-01-28 14:34:55.520593+00:00,2023-01-28T14:00,,,,11.3,47.0,1.0
Longueuil,2023-01-28 14:34:55.520593+00:00,2023-01-28T14:00,,,,10.2,43.0,1.0
Brossard - Parc Sorbonne,2023-01-28 14:34:55.520593+00:00,2023-01-28T14:00,,,,7.4,31.0,1.0
Saint-Simon,2023-01-28 14:34:55.520593+00:00,2023-01-28T14:00,,,,8.3,35.0,1.0
Saint-Jean-sur-Richelieu - L'Acadie,2023-01-28 14:34:55.520593+00:00,2023-01-28T14:00,,,,10.5,44.0,1.0
Bennington,2023-01-28 14:34:55.520593+00:00,2023-01-28T14:00,,,,6.0,25.0,1.0
PittsfieldES,2023-01-28 14:34:55.520593+00:00,2023-01-28T14:00,,,,7.2,30.0,1.0
Burlington,2023-01-28 14:34:55.520593+00:00,2023-01-28T14:00,,,,7.4,31.0,1.0
NorthAdams,2023-01-28 14:34:55.520593+00:00,2023-01-28T14:00,,,,11.6,48.0,1.0
Holtsville,2023-01-28 14:34:55.520593+00:00,2023-01-28T14:00,,,,8.6,36.0,1.0
RUTLAND,2023-01-28 14:34:55.520593+00:00,2023-01-28T14:00,,,,7.4,31.0,1.0
Charette,2023-01-28 14:34:55.520593+00:00,2023-01-28T14:00,,,,10.8,45.0,1.0
Underhill,2023-01-28 14:34:55.520593+00:00,2023-01-28T14:00,,,,5.2,22.0,1.0
Rés. Faun. Ashuapmushuan - Pémonka,2023-01-28 14:34:55.520593+00:00,2023-01-28T14:00,,,,7.8,33.0,1.0
Shawinigan - Saint-Marc,2023-01-28 14:34:55.520593+00:00,2023-01-28T14:00,,,,15.2,58.0,2.0
Granby - Parc Poitevin,2023-01-28 14:34:55.520593+00:00,2023-01-28T14:00,,,,7.0,29.0,1.0
Saint-Zéphirin-de-Courval,2023-01-28 14:34:55.520593+00:00,2023-01-28T14:00,,,,7.9,33.0,1.0
Greenfield,2023-01-28 14:34:55.520593+00:00,2023-01-28T14:00,,,,11.9,50.0,1.0
SPRINGFIELDSP,2023-01-28 14:34:55.520593+00:00,2023-01-28T14:00,,,,8.5,35.0,1.0
CHICOPEE,2023-01-28 14:34:55.520593+00:00,2023-01-28T14:00,,,,9.4,39.0,1.0
Trois-Rivières - École MEES,2023-01-28 14:34:55.520593+00:00,2023-01-28T14:00,,,,7.8,33.0,1.0
Drummondville - Stade Jacques-Desautels,2023-01-28 14:34:55.520593+00:00,2023-01-28T14:00,,,,8.3,35.0,1.0
Bécancour,2023-01-28 14:34:55.520593+00:00,2023-01-28T14:00,,,,3.2,13.0,1.0
Keene,2023-01-28 14:34:55.520593+00:00,2023-01-28T14:00,,,,17.6,63.0,2.0
Deschambault,2023-01-28 14:34:55.520593+00:00,2023-01-28T14:00,,,,6.8,28.0,1.0
Tingwick,2023-01-28 14:34:55.520593+00:00,2023-01-28T14:00,,,,7.0,29.0,1.0
Worcester,2023-01-28 14:34:55.520593+00:00,2023-01-28T14:00,,,,9.0,38.0,1.0
W Greenwich,2023-01-28 14:34:55.520593+00:00,2023-01-28T14:00,,,,6.5,27.0,1.0
Laconia,2023-01-28 14:34:55.520593+00:00,2023-01-28T14:00,,,,9.6,40.0,1.0
Narragansett,2023-01-28 14:34:55.520593+00:00,2023-01-28T14:00,,,,5.7,24.0,1.0
CCRI Providence,2023-01-28 14:34:55.520593+00:00,2023-01-28T14:00,,,,7.1,30.0,1.0
Québec - École Les Primevères,2023-01-28 14:34:55.520593+00:00,2023-01-28T14:00,,,,16.8,61.0,2.0
E Providence,2023-01-28 14:34:55.520593+00:00,2023-01-28T14:00,,,,7.7,32.0,1.0
ChelmsfordNR,2023-01-28 14:34:55.520593+00:00,2023-01-28T14:00,,,,11.0,46.0,1.0
La Patrie - Ditton,2023-01-28 14:34:55.520593+00:00,2023-01-28T14:00,,,,4.7,20.0,1.0
Québec - Vieux-Limoilou,2023-01-28 14:34:55.520593+00:00,2023-01-28T14:00,,,,8.8,37.0,1.0
Saguenay - Parc Powell,2023-01-28 14:34:55.520593+00:00,2023-01-28T14:00,,,,7.6,32.0,1.0
Fall River,2023-01-28 14:34:55.520593+00:00,2023-01-28T14:00,,,,6.3,26.0,1.0
Lévis - Parc Georges Maranda,2023-01-28 14:34:55.520593+00:00,2023-01-28T14:00,,,,6.2,26.0,1.0
Haverhill,2023-01-28 14:34:55.520593+00:00,2023-01-28T14:00,,,,13.1,53.0,2.0
BOSTON-KENMORE,2023-01-28 14:34:55.520593+00:00,2023-01-28T14:00,,,,9.0,38.0,1.0
Boston-Von Hillern,2023-01-28 14:34:55.520593+00:00,2023-01-28T14:00,,,,9.7,40.0,1.0
Saguenay - UQAC,2023-01-28 14:34:55.520593+00:00,2023-01-28T14:00,,,,4.7,20.0,1.0
Chelsea HP,2023-01-28 14:34:55.520593+00:00,2023-01-28T14:00,,,,9.7,40.0,1.0
Brockton,2023-01-28 14:34:55.520593+00:00,2023-01-28T14:00,,,,8.1,34.0,1.0
LYNN,2023-01-28 14:34:55.520593+00:00,2023-01-28T14:00,,,,8.4,35.0,1.0
WeymouthFR,2023-01-28 14:34:55.520593+00:00,2023-01-28T14:00,,,,8.1,34.0,1.0
Saint-Hilaire-de-Dorset,2023-01-28 14:34:55.520593+00:00,2023-01-28T14:00,,,,5.2,22.0,1.0
Rumford,2023-01-28 14:34:55.520593+00:00,2023-01-28T14:00,,,,6.2,26.0,1.0
Notre-Dame-du-Rosaire,2023-01-28 14:34:55.520593+00:00,2023-01-28T14:00,,,,3.9,16.0,1.0
Portland - Deering Oaks,2023-01-28 14:34:55.520593+00:00,2023-01-28T14:00,,,,6.9,29.0,1.0
Curacao,2023-01-28 14:34:55.520593+00:00,2023-01-28T14:00,,,,6.3,26.0,1.0
Auclair,2023-01-28 14:34:55.520593+00:00,2023-01-28T14:00,,,,3.6,15.0,1.0
EDMUNDSTON QUEEN ST.,2023-01-28 14:34:55.520593+00:00,2023-01-28T14:00,,,,13.2,53.0,2.0
ST ANDREWS,2023-01-28 14:34:55.520593+00:00,2023-01-28T14:00,,,,2.5,10.0,1.0
Sipayik,2023-01-28 14:34:55.520593+00:00,2023-01-28T14:00,,,,4.7,20.0,1.0
FREDERICTON-NEEDHAM ST.,2023-01-28 14:34:55.520593+00:00,2023-01-28T14:00,,,,14.6,56.0,2.0
SAINT JOHN WEST,2023-01-28 14:34:55.520593+00:00,2023-01-28T14:00,,,,5.9,25.0,1.0
CASTLE ST. SAINT JO,2023-01-28 14:34:55.520593+00:00,2023-01-28T14:00,,,,3.5,15.0,1.0
FOREST HILLS,2023-01-28 14:34:55.520593+00:00,2023-01-28T14:00,,,,3.9,16.0,1.0
BATHURST,2023-01-28 14:34:55.520593+00:00,2023-01-28T14:00,,,,3.8,16.0,1.0
Miramichi,2023-01-28 14:34:55.520593+00:00,2023-01-28T14:00,,,,9.8,41.0,1.0
AYLESFORD MOUNTAIN,2023-01-28 14:34:55.520593+00:00,2023-01-28T14:00,,,,3.6,15.0,1.0
MONCTON,2023-01-28 14:34:55.520593+00:00,2023-01-28T14:00,,,,13.7,54.0,2.0
KENTVILLE,2023-01-28 14:34:55.520593+00:00,2023-01-28T14:00,,,,4.2,18.0,1.0
WELLINGTON,2023-01-28 14:34:55.520593+00:00,2023-01-28T14:00,,,,3.3,14.0,1.0
